Workbook

Sheet Hồ sơ
A1: ID | B1: Họ và tên | C1: Giới tính | D1: Ngày sinh | E1: Tuổi | F1: Nghề nghiệp | G1: Trường / Nơi làm việc | H1: SĐT (giả lập) | I1: Email (giả lập) | J1: Địa chỉ hiện tại | K1: Phường | L1: Quận | M1: Mức xác thực (V1–V4) | N1: Xác thực email tổ chức | O1: H1 Cho phép ở ghép khác giới | P1: H2 Khung tuổi ± (năm) | Q1: H3 Ngân sách (triệu/tháng) | R1: H3 Trần ngân sách chấp nhận (triệu/tháng) | S1: H4 Khu vực muốn tìm (quận) | T1: H5 Ngày có thể chuyển vào | U1: H6 Cam kết của mình (tháng) | V1: H6 Yêu cầu cam kết tối thiểu của đối phương (tháng) | W1: A1 Giờ ngủ – giờ dậy [CỨNG] | X1: A2 Làm ca đêm / giờ bất thường [CỨNG] | Y1: A3 Làm việc tại nhà [CỨNG] | Z1: B1 Tiêu chuẩn vệ sinh [CỨNG] | AA1: B2 Tần suất dọn không gian chung [MỀM] | AB1: C1 Mức riêng tư mong muốn [CỨNG] | AC1: C2 Giao tiếp & xử lý mâu thuẫn [MỀM] | AD1: C3 Mức độ thân thiết [MỀM] | AE1: D1 Thuốc lá / vape [CỨNG] | AF1: D2 Dị ứng / sợ động vật [CỨNG] | AG1: D3 Thú cưng [CỨNG] | AH1: D4 Tiếng ồn [MỀM] | AI1: D5 Nhiệt độ, ánh sáng, mùi khi ngủ [MỀM] | AJ1: E1 Nấu ăn & ăn chung [MỀM] | AK1: F1 Khách đến chơi & qua đêm [CỨNG] | AL1: F2 Cách chia chi phí chung [MỀM] | AM1: S1 Đúng hẹn tiền (%) | AN1: Số kỳ thanh toán | AO1: S2 Phản hồi trong 24h (%) | AP1: S3 Show-up Score (1–5) | AQ1: S4 Số review hợp lệ | AR1: S4 Điểm review TB (1–5) | AS1: Báo cáo đã xác minh (90 ngày) | AT1: Nhóm mẫu | AU1: Mã cặp test | AV1: Ghi chú kịch bản
A2: RM001 | B2: Nguyễn Hoài Vy | C2: Nữ | D2: 39629 | E2: =DATEDIF(D2,'Chú giải'!$B$3,"Y") -> 18 | F2: Sinh viên năm 1 | G2: ĐH Ngoại thương | H2: 0900 000 001 | I2: nguyen.hoai.vy.001@example.com | J2: Số 27 ngõ 253 Trịnh Văn Bô, P. Xuân Phương, Q. Nam Từ Liêm, Hà Nội | K2: Xuân Phương | L2: Nam Từ Liêm | M2: V3 | N2: Có | O2: Không | P2: 6 | Q2: 3 | R2: 3.5 | S2: Nam Từ Liêm, Thanh Xuân | T2: 46357 | U2: 6 | V2: 3 | W2: 3 | X2: 1 | Y2: 4 | Z2: 3 | AA2: 4 | AB2: 2 | AC2: 2 | AD2: 2 | AE2: 1 | AF2: 1 | AG2: 1 | AH2: 3 | AI2: 2 | AJ2: 3 | AK2: 2 | AL2: 2 | AM2: 88 | AN2: 12 | AO2: 94 | AP2: 4.6 | AQ2: 0 | AS2: 0 | AT2: Ngẫu nhiên
A3: RM002 | B3: Đỗ Bảo Anh | C3: Nữ | D3: 37001 | E3: =DATEDIF(D3,'Chú giải'!$B$3,"Y") -> 25 | F3: Nhân viên văn phòng | G3: Công ty CP Phần mềm Hà Thành | H3: 0900 000 002 | I3: do.bao.anh.002@example.com | J3: Số 3 ngõ 55 Nguyễn Văn Lộc, P. Mộ Lao, Q. Hà Đông, Hà Nội | K3: Mộ Lao | L3: Hà Đông | M3: V2 | N3: Không | O3: Không | P3: 6 | Q3: 3 | R3: 3.5 | T3: 46327 | U3: 6 | V3: 3 | W3: 2 | X3: 1 | Y3: 2 | Z3: 2 | AA3: 2 | AB3: 2 | AC3: 1 | AD3: 2 | AE3: 1 | AF3: 1 | AG3: 1 | AH3: 2 | AI3: 2 | AJ3: 2 | AK3: 2 | AL3: 1 | AN3: 0 | AQ3: 0 | AS3: 0 | AT3: Test đặc biệt | AU3: P13 | AV3: P13 · Bên B: Nhóm A cực đoan – ca đêm
A4: RM003 | B4: Nguyễn Minh Cường | C4: Nam | D4: 38155 | E4: =DATEDIF(D4,'Chú giải'!$B$3,"Y") -> 22 | F4: Sinh viên năm 4 | G4: ĐH Ngoại thương | H4: 0900 000 003 | I4: nguyen.minh.cuong.003@example.com | J4: Số 4 ngõ 214 Mễ Trì Hạ, P. Mễ Trì, Q. Nam Từ Liêm, Hà Nội | K4: Mễ Trì | L4: Nam Từ Liêm | M4: V4 | N4: Có | O4: Không | P4: 6 | Q4: 1.5 | R4: 2 | S4: Long Biên, Nam Từ Liêm | T4: 46366 | U4: 9 | V4: 3 | W4: 3 | X4: 1 | Y4: 2 | Z4: 1 | AA4: 2 | AE4: 1 | AF4: 1 | AG4: 1 | AH4: 4 | AI4: 2 | AJ4: 1 | AK4: 1 | AL4: 1 | AM4: 69 | AN4: 3 | AO4: 41 | AP4: 3.6 | AQ4: 0 | AS4: 0 | AT4: Ngẫu nhiên – thiếu dữ liệu | AV4: Bỏ trống: C1, C2, C3
A5: RM004 | B5: Vũ Quốc Tiến | C5: Nam | D5: 36984 | E5: =DATEDIF(D5,'Chú giải'!$B$3,"Y") -> 25 | F5: Nhân viên văn phòng | G5: Công ty CP Phần mềm Hà Thành | H5: 0900 000 004 | I5: vu.quoc.tien.004@example.com | J5: Số 250 Xuân Thủy, P. Dịch Vọng Hậu, Q. Cầu Giấy, Hà Nội | K5: Dịch Vọng Hậu | L5: Cầu Giấy | M5: V2 | N5: Không | O5: Không | P5: 6 | Q5: 3 | R5: 3.5 | T5: 46327 | U5: 6 | V5: 3 | W5: 2 | X5: 1 | Y5: 2 | Z5: 2 | AA5: 2 | AB5: 2 | AC5: 1 | AD5: 2 | AE5: 1 | AF5: 1 | AG5: 1 | AH5: 2 | AI5: 2 | AJ5: 2 | AK5: 2 | AL5: 1 | AN5: 0 | AQ5: 0 | AS5: 0 | AT5: Test đặc biệt | AU5: P19 | AV5: P19 · Bên B: Phạt D4≥3 × A1∈{1,2}
A6: RM005 | B6: Phạm Hồng Hằng | C6: Nữ | D6: 37693 | E6: =DATEDIF(D6,'Chú giải'!$B$3,"Y") -> 23 | F6: Nhân viên văn phòng | G6: Công ty TNHH Tư vấn Bắc Hà | H6: 0900 000 005 | I6: pham.hong.hang.005@example.com | J6: Số 310 Bằng Liệt, P. Hoàng Liệt, Q. Hoàng Mai, Hà Nội | K6: Hoàng Liệt | L6: Hoàng Mai | M6: V2 | N6: Không | O6: Không | P6: 6 | Q6: 3 | R6: 3.5 | T6: 46327 | U6: 6 | V6: 3 | W6: 2 | X6: 1 | Y6: 2 | Z6: 2 | AA6: 1 | AB6: 2 | AC6: 1 | AD6: 2 | AE6: 1 | AF6: 1 | AG6: 1 | AH6: 2 | AI6: 2 | AJ6: 4 | AK6: 2 | AL6: 1 | AN6: 0 | AQ6: 0 | AS6: 0 | AT6: Test đặc biệt | AU6: P22 | AV6: P22 · Bên A: Cộng dồn ba phạt nhỏ
A7: RM006 | B7: Nguyễn Thanh Hằng | C7: Nữ | D7: 37057 | E7: =DATEDIF(D7,'Chú giải'!$B$3,"Y") -> 25 | F7: Nhân viên văn phòng | G7: Công ty CP Phần mềm Hà Thành | H7: 0900 000 006 | I7: nguyen.thanh.hang.006@example.com | J7: Số 15 ngõ 207 Giảng Võ, P. Giảng Võ, Q. Ba Đình, Hà Nội | K7: Giảng Võ | L7: Ba Đình | M7: V2 | N7: Không | O7: Không | P7: 6 | Q7: 3 | R7: 3.5 | T7: 46327 | U7: 6 | V7: 3 | W7: 2 | X7: 1 | Y7: 2 | Z7: 2 | AA7: 2 | AB7: 1 | AC7: 1 | AD7: 2 | AE7: 1 | AF7: 1 | AG7: 1 | AH7: 2 | AI7: 2 | AJ7: 2 | AK7: 3 | AL7: 1 | AN7: 0 | AQ7: 0 | AS7: 0 | AT7: Test đặc biệt | AU7: P18 | AV7: P18 · Bên B: Phạt F1=4 × C1=1
A8: RM007 | B8: Trần Mai Ánh | C8: Nữ | D8: 37718 | E8: =DATEDIF(D8,'Chú giải'!$B$3,"Y") -> 23 | F8: Sinh viên năm 4 | G8: ĐH Công nghệ – ĐHQGHN | H8: 0900 000 007 | I8: tran.mai.anh.007@example.com | J8: Số 25 ngõ 115 Phúc La, P. Phúc La, Q. Hà Đông, Hà Nội | K8: Phúc La | L8: Hà Đông | M8: V4 | N8: Không | O8: Không | P8: 4 | Q8: 2.5 | R8: 4 | T8: 46339 | U8: 9 | V8: 3 | W8: 3 | X8: 1 | Y8: 2 | Z8: 3 | AA8: 1 | AB8: 1 | AC8: 1 | AD8: 2 | AE8: 1 | AF8: 1 | AG8: 3 | AH8: 4 | AI8: 2 | AJ8: 2 | AK8: 1 | AL8: 2 | AN8: 0 | AQ8: 0 | AS8: 0 | AT8: Ngẫu nhiên
A9: RM008 | B9: Lê Thành Thịnh | C9: Nam | D9: 37045 | E9: =DATEDIF(D9,'Chú giải'!$B$3,"Y") -> 25 | F9: Nhân viên văn phòng | G9: Công ty CP Phần mềm Hà Thành | H9: 0900 000 008 | I9: le.thanh.thinh.008@example.com | J9: Số 2 ngõ 222 Trương Định, P. Bạch Mai, Q. Hai Bà Trưng, Hà Nội | K9: Bạch Mai | L9: Hai Bà Trưng | M9: V2 | N9: Không | O9: Không | P9: 6 | Q9: 3 | R9: 3.5 | T9: 46348 | U9: 6 | V9: 3 | W9: 2 | X9: 1 | Y9: 2 | Z9: 2 | AA9: 2 | AB9: 2 | AC9: 1 | AD9: 2 | AE9: 1 | AF9: 1 | AG9: 1 | AH9: 2 | AI9: 2 | AJ9: 2 | AK9: 2 | AL9: 1 | AN9: 0 | AQ9: 0 | AS9: 0 | AT9: Test đặc biệt | AU9: P11 | AV9: P11 · Bên B: Ngày chuyển vào chênh đúng 21 ngày
A10: RM009 | B10: Nguyễn Hồng Yến | C10: Nữ | D10: 36930 | E10: =DATEDIF(D10,'Chú giải'!$B$3,"Y") -> 25 | F10: Nhân viên văn phòng | G10: Công ty CP Phần mềm Hà Thành | H10: 0900 000 009 | I10: nguyen.hong.yen.009@example.com | J10: Số 225 Thái Thịnh, P. Thịnh Quang, Q. Đống Đa, Hà Nội | K10: Thịnh Quang | L10: Đống Đa | M10: V3 | N10: Không | O10: Có | P10: 6 | Q10: 3 | R10: 3.5 | T10: 46327 | U10: 6 | V10: 3 | W10: 2 | X10: 1 | Y10: 2 | Z10: 2 | AA10: 2 | AB10: 2 | AC10: 1 | AD10: 2 | AE10: 1 | AF10: 1 | AG10: 1 | AH10: 2 | AI10: 2 | AJ10: 2 | AK10: 2 | AL10: 1 | AN10: 0 | AQ10: 0 | AS10: 0 | AT10: Test đặc biệt | AU10: P05 | AV10: P05 · Bên B: Khác giới hợp lệ
A11: RM010 | B11: Dương Gia Huy | C11: Nam | D11: 36324 | E11: =DATEDIF(D11,'Chú giải'!$B$3,"Y") -> 27 | F11: Điều dưỡng (làm ca kíp) | G11: Bệnh viện đa khoa tư nhân An Phúc | H11: 0900 000 010 | I11: duong.gia.huy.010@example.com | J11: Số 220 Nguyễn Tuân, P. Thanh Xuân Trung, Q. Thanh Xuân, Hà Nội | K11: Thanh Xuân Trung | L11: Thanh Xuân | M11: V2 | N11: Có | O11: Không | P11: 6 | Q11: 4 | R11: 4 | S11: Nam Từ Liêm, Thanh Xuân | T11: 46363 | U11: 6 | V11: 3 | W11: 2 | X11: 3 | Y11: 1 | Z11: 2 | AA11: 1 | AB11: 3 | AC11: 2 | AD11: 2 | AE11: 2 | AF11: 1 | AG11: 1 | AH11: 2 | AI11: 2 | AJ11: 2 | AK11: 2 | AL11: 1 | AM11: 86 | AN11: 7 | AO11: 48 | AP11: 3 | AQ11: 0 | AS11: 0 | AT11: Ngẫu nhiên
A12: RM011 | B12: Đỗ Khánh Hương | C12: Nữ | D12: 37775 | E12: =DATEDIF(D12,'Chú giải'!$B$3,"Y") -> 23 | F12: Nhân viên văn phòng | G12: Công ty CP Phần mềm Hà Thành | H12: 0900 000 011 | I12: do.khanh.huong.011@example.com | J12: Số 59 Xuân Thủy, P. Dịch Vọng Hậu, Q. Cầu Giấy, Hà Nội | K12: Dịch Vọng Hậu | L12: Cầu Giấy | M12: V4 | N12: Có | O12: Không | P12: 6 | Q12: 3 | R12: 3.5 | T12: 46327 | U12: 6 | V12: 3 | W12: 2 | X12: 1 | Y12: 2 | Z12: 2 | AA12: 2 | AB12: 2 | AC12: 1 | AD12: 2 | AE12: 1 | AF12: 1 | AG12: 1 | AH12: 2 | AI12: 2 | AJ12: 2 | AK12: 2 | AL12: 1 | AM12: 95 | AN12: 6 | AO12: 90 | AP12: 4.5 | AQ12: 3 | AR12: 4.8 | AS12: 0 | AT12: Test đặc biệt | AU12: P01 | AV12: P01 · Bên A: Cặp lý tưởng, bonus vượt trần
A13: RM012 | B13: Phạm Công Huy | C13: Nam | D13: 36557 | E13: =DATEDIF(D13,'Chú giải'!$B$3,"Y") -> 26 | F13: Giáo viên | G13: Trung tâm Anh ngữ Sunrise Hà Nội | H13: 0900 000 012 | I13: pham.cong.huy.012@example.com | J13: Số 3 ngõ 67 Hào Nam, P. Ô Chợ Dừa, Q. Đống Đa, Hà Nội | K13: Ô Chợ Dừa | L13: Đống Đa | M13: V2 | N13: Có | O13: Có | P13: 5 | Q13: 3 | R13: 4 | T13: 46364 | U13: 6 | V13: 6 | W13: 1 | X13: 1 | Y13: 1 | Z13: 1 | AA13: 3 | AB13: 2 | AC13: 1 | AD13: 2 | AE13: 2 | AF13: 1 | AG13: 1 | AH13: 2 | AI13: 1 | AJ13: 1 | AK13: 4 | AL13: 1 | AM13: 96 | AN13: 11 | AO13: 83 | AP13: 4.8 | AQ13: 4 | AR13: 4.6 | AS13: 0 | AT13: Ngẫu nhiên
A14: RM013 | B14: Đỗ Minh Bách | C14: Nam | D14: 37769 | E14: =DATEDIF(D14,'Chú giải'!$B$3,"Y") -> 23 | F14: Nhân viên văn phòng | G14: Công ty TNHH Tư vấn Bắc Hà | H14: 0900 000 013 | I14: do.minh.bach.013@example.com | J14: Số 4 ngõ 11 Bằng Liệt, P. Hoàng Liệt, Q. Hoàng Mai, Hà Nội | K14: Hoàng Liệt | L14: Hoàng Mai | M14: V2 | N14: Không | O14: Không | P14: 6 | Q14: 3 | R14: 3.5 | T14: 46327 | U14: 6 | V14: 3 | W14: 2 | X14: 1 | Y14: 2 | Z14: 2 | AA14: 2 | AB14: 2 | AC14: 1 | AD14: 2 | AE14: 1 | AF14: 1 | AG14: 1 | AH14: 2 | AI14: 2 | AJ14: 2 | AK14: 2 | AL14: 1 | AN14: 0 | AQ14: 0 | AS14: 0 | AT14: Test đặc biệt | AU14: P11 | AV14: P11 · Bên A: Ngày chuyển vào chênh đúng 21 ngày
A15: RM014 | B15: Nguyễn Việt Tiến | C15: Nam | D15: 37666 | E15: =DATEDIF(D15,'Chú giải'!$B$3,"Y") -> 23 | F15: Nhân viên văn phòng | G15: Công ty TNHH Tư vấn Bắc Hà | H15: 0900 000 014 | I15: nguyen.viet.tien.014@example.com | J15: Số 11 ngõ 50 Mễ Trì Hạ, P. Mễ Trì, Q. Nam Từ Liêm, Hà Nội | K15: Mễ Trì | L15: Nam Từ Liêm | M15: V2 | N15: Không | O15: Không | P15: 6 | Q15: 3 | R15: 3.5 | T15: 46327 | U15: 6 | V15: 3 | W15: 2 | X15: 1 | Y15: 2 | Z15: 2 | AA15: 2 | AB15: 2 | AC15: 1 | AD15: 2 | AE15: 1 | AF15: 2 | AG15: 1 | AH15: 2 | AI15: 2 | AJ15: 2 | AK15: 2 | AL15: 1 | AN15: 0 | AQ15: 0 | AS15: 0 | AT15: Test đặc biệt | AU15: P16 | AV15: P16 · Bên A: Dị ứng nhẹ × thú lớn
A16: RM015 | B16: Đặng Quang Vinh | C16: Nam | D16: 38390 | E16: =DATEDIF(D16,'Chú giải'!$B$3,"Y") -> 21 | F16: Sinh viên năm 3 | G16: ĐH Luật Hà Nội | H16: 0900 000 015 | I16: dang.quang.vinh.015@example.com | J16: Số 38 Lê Đức Thọ, P. Mỹ Đình 1, Q. Nam Từ Liêm, Hà Nội | K16: Mỹ Đình 1 | L16: Nam Từ Liêm | M16: V3 | N16: Có | O16: Không | P16: 6 | Q16: 3.5 | R16: 4.5 | S16: Hai Bà Trưng, Nam Từ Liêm | T16: 46333 | U16: 6 | V16: 3 | W16: 2 | X16: 1 | Y16: 2 | Z16: 3 | AA16: 1 | AB16: 2 | AC16: 2 | AD16: 2 | AE16: 1 | AF16: 1 | AG16: 1 | AH16: 1 | AI16: 1 | AJ16: 2 | AK16: 2 | AL16: 3 | AM16: 100 | AN16: 4 | AO16: 92 | AP16: 4.5 | AQ16: 3 | AR16: 4.9 | AS16: 0 | AT16: Ngẫu nhiên
A17: RM016 | B17: Mai Minh Quân | C17: Nam | D17: 37701 | E17: =DATEDIF(D17,'Chú giải'!$B$3,"Y") -> 23 | F17: Nhân viên văn phòng | G17: Công ty TNHH Tư vấn Bắc Hà | H17: 0900 000 016 | I17: mai.minh.quan.016@example.com | J17: Số 77 Kim Đồng, P. Định Công, Q. Hoàng Mai, Hà Nội | K17: Định Công | L17: Hoàng Mai | M17: V2 | N17: Không | O17: Không | P17: 6 | Q17: 3 | R17: 3.5 | T17: 46327 | U17: 6 | V17: 3 | W17: 3 | X17: 1 | Y17: 2 | Z17: 2 | AA17: 2 | AB17: 2 | AC17: 1 | AD17: 2 | AE17: 1 | AF17: 1 | AG17: 1 | AH17: 3 | AI17: 2 | AJ17: 2 | AK17: 4 | AL17: 1 | AN17: 0 | AQ17: 0 | AS17: 0 | AT17: Test đặc biệt | AU17: P24 | AV17: P24 · Bên A: Phạt chạm sàn −0,35
A18: RM017 | B18: Hồ Thanh Ánh | C18: Nữ | D18: 36272 | E18: =DATEDIF(D18,'Chú giải'!$B$3,"Y") -> 27 | F18: Kế toán | G18: Công ty CP Xây dựng & Đầu tư Hồng Hà | H18: 0900 000 017 | I18: ho.thanh.anh.017@example.com | J18: Số 15 ngõ 100 Kim Mã, P. Kim Mã, Q. Ba Đình, Hà Nội | K18: Kim Mã | L18: Ba Đình | M18: V2 | N18: Có | O18: Không | P18: 6 | Q18: 3.5 | R18: 5 | S18: Ba Đình, Hoàng Mai | T18: 46365 | U18: 12 | V18: 6 | W18: 2 | X18: 1 | Y18: 2 | Z18: 2 | AA18: 3 | AB18: 3 | AC18: 1 | AD18: 3 | AE18: 1 | AF18: 1 | AG18: 3 | AH18: 1 | AI18: 1 | AJ18: 1 | AK18: 1 | AL18: 1 | AN18: 0 | AQ18: 0 | AS18: 0 | AT18: Ngẫu nhiên
A19: RM018 | B19: Nguyễn Thị Vy | C19: Nữ | D19: 37644 | E19: =DATEDIF(D19,'Chú giải'!$B$3,"Y") -> 23 | F19: Kỹ sư xây dựng | G19: Công ty CP Xây dựng & Đầu tư Hồng Hà | H19: 0900 000 018 | I19: nguyen.thi.vy.018@example.com | J19: Số 18 ngõ 180 Nguyễn Xiển, P. Hạ Đình, Q. Thanh Xuân, Hà Nội | K19: Hạ Đình | L19: Thanh Xuân | M19: V1 | N19: Không | O19: Không | P19: 6 | Q19: 4.5 | R19: 5 | S19: Thanh Xuân, Tây Hồ | T19: 46341 | U19: 6 | V19: 3 | W19: 3 | X19: 1 | Y19: 1 | Z19: 2 | AA19: 2 | AB19: 2 | AC19: 1 | AD19: 1 | AE19: 1 | AF19: 1 | AG19: 1 | AH19: 3 | AI19: 1 | AJ19: 2 | AK19: 2 | AL19: 1 | AM19: 92 | AN19: 6 | AO19: 58 | AP19: 3.1 | AQ19: 0 | AS19: 0 | AT19: Ngẫu nhiên
A20: RM019 | B20: Lê Thành Đạt | C20: Nam | D20: 37746 | E20: =DATEDIF(D20,'Chú giải'!$B$3,"Y") -> 23 | F20: Nhân viên văn phòng | G20: Công ty TNHH Tư vấn Bắc Hà | H20: 0900 000 019 | I20: le.thanh.dat.019@example.com | J20: Số 5 ngõ 245 Hoàng Minh Giám, P. Yên Hòa, Q. Cầu Giấy, Hà Nội | K20: Yên Hòa | L20: Cầu Giấy | M20: V2 | N20: Không | O20: Không | P20: 6 | Q20: 3 | R20: 3.5 | T20: 46327 | U20: 6 | V20: 3 | W20: 2 | X20: 1 | Y20: 2 | Z20: 2 | AA20: 2 | AB20: 2 | AC20: 1 | AD20: 2 | AE20: 1 | AF20: 2 | AG20: 1 | AH20: 2 | AI20: 2 | AJ20: 2 | AK20: 2 | AL20: 1 | AN20: 0 | AQ20: 0 | AS20: 0 | AT20: Test đặc biệt | AU20: P17 | AV20: P17 · Bên A: Dị ứng nhẹ × thú nhỏ
A21: RM020 | B21: Đặng Hồng Uyên | C21: Nữ | D21: 38532 | E21: =DATEDIF(D21,'Chú giải'!$B$3,"Y") -> 21 | F21: Sinh viên năm 3 | G21: ĐH Khoa học Xã hội và Nhân văn – ĐHQGHN | H21: 0900 000 020 | I21: dang.hong.uyen.020@example.com | J21: Số 6 ngõ 20 Minh Khai, P. Đồng Tâm, Q. Hai Bà Trưng, Hà Nội | K21: Đồng Tâm | L21: Hai Bà Trưng | M21: V4 | N21: Không | O21: Không | P21: 6 | Q21: 2.5 | R21: 4 | T21: 46341 | U21: 12 | V21: 6 | W21: 2 | X21: 1 | Y21: 2 | Z21: 4 | AA21: 3 | AB21: 2 | AC21: 2 | AD21: 3 | AE21: 1 | AF21: 1 | AG21: 3 | AH21: 2 | AI21: 1 | AJ21: 1 | AK21: 2 | AL21: 2 | AM21: 96 | AN21: 11 | AO21: 55 | AP21: 3.5 | AQ21: 1 | AR21: 4.8 | AS21: 0 | AT21: Ngẫu nhiên
A22: RM021 | B22: Nguyễn Công Dũng | C22: Nam | D22: 38871 | E22: =DATEDIF(D22,'Chú giải'!$B$3,"Y") -> 20 | F22: Sinh viên năm 2 | G22: ĐH Kinh tế Quốc dân | H22: 0900 000 021 | I22: nguyen.cong.dung.021@example.com | J22: Số 4 ngõ 238 Nguyễn Ngọc Nại, P. Khương Trung, Q. Thanh Xuân, Hà Nội | K22: Khương Trung | L22: Thanh Xuân | M22: V2 | N22: Không | O22: Không | P22: 6 | Q22: 3 | R22: 3.5 | T22: 46327 | U22: 6 | V22: 3 | W22: 2 | X22: 1 | Y22: 2 | Z22: 2 | AA22: 2 | AB22: 2 | AC22: 1 | AD22: 2 | AE22: 1 | AF22: 1 | AG22: 1 | AH22: 2 | AI22: 2 | AJ22: 2 | AK22: 2 | AL22: 1 | AN22: 0 | AQ22: 0 | AS22: 0 | AT22: Test đặc biệt | AU22: P06 | AV22: P06 · Bên A: Lệch tuổi vượt khung
A23: RM022 | B23: Đinh Gia Bảo | C23: Nam | D23: 37038 | E23: =DATEDIF(D23,'Chú giải'!$B$3,"Y") -> 25 | F23: Nhân viên văn phòng | G23: Công ty CP Phần mềm Hà Thành | H23: 0900 000 022 | I23: dinh.gia.bao.022@example.com | J23: Số 3 ngõ 53 Định Công, P. Định Công, Q. Hoàng Mai, Hà Nội | K23: Định Công | L23: Hoàng Mai | M23: V2 | N23: Không | O23: Không | P23: 6 | Q23: 3 | R23: 3.5 | T23: 46327 | U23: 6 | V23: 3 | W23: 2 | X23: 1 | Y23: 2 | Z23: 2 | AA23: 2 | AB23: 2 | AC23: 1 | AD23: 2 | AE23: 3 | AF23: 1 | AG23: 1 | AH23: 2 | AI23: 2 | AJ23: 2 | AK23: 2 | AL23: 1 | AN23: 0 | AQ23: 0 | AS23: 0 | AT23: Test đặc biệt | AU23: P26 | AV23: P26 · Bên B: Hút thuốc trong phòng × không hút
A24: RM023 | B24: Lương Việt Lâm | C24: Nam | D24: 35191 | E24: =DATEDIF(D24,'Chú giải'!$B$3,"Y") -> 30 | F24: Thiết kế đồ họa (freelance) | G24: Freelance | H24: 0900 000 023 | I24: luong.viet.lam.023@example.com | J24: Số 27 ngõ 93 Nguyễn Chí Thanh, P. Liễu Giai, Q. Ba Đình, Hà Nội | K24: Liễu Giai | L24: Ba Đình | M24: V2 | N24: Không | O24: Không | P24: 6 | Q24: 4.5 | R24: 6 | S24: Ba Đình, Nam Từ Liêm | T24: 46364 | U24: 9 | V24: 3 | W24: 3 | X24: 1 | Y24: 4 | Z24: 2 | AB24: 3 | AC24: 1 | AF24: 1 | AG24: 1 | AH24: 4 | AI24: 1 | AJ24: 2 | AL24: 1 | AN24: 0 | AQ24: 0 | AS24: 0 | AT24: Ngẫu nhiên – thiếu dữ liệu | AV24: Bỏ trống: B2, C3, D1, F1
A25: RM024 | B25: Hoàng Ngọc Trang | C25: Nữ | D25: 38157 | E25: =DATEDIF(D25,'Chú giải'!$B$3,"Y") -> 22 | F25: Sinh viên năm 4 | G25: Học viện Báo chí và Tuyên truyền | H25: 0900 000 024 | I25: hoang.ngoc.trang.024@example.com | J25: Số 5 ngõ 154 Việt Hưng, P. Việt Hưng, Q. Long Biên, Hà Nội | K25: Việt Hưng | L25: Long Biên | M25: V1 | N25: Không | O25: Không | P25: 6 | Q25: 3 | R25: 3 | S25: Hai Bà Trưng, Long Biên | T25: 46313 | U25: 6 | V25: 6 | W25: 2 | X25: 1 | Y25: 2 | Z25: 3 | AA25: 3 | AB25: 2 | AC25: 3 | AD25: 3 | AE25: 1 | AF25: 1 | AG25: 1 | AH25: 2 | AI25: 2 | AJ25: 2 | AK25: 4 | AL25: 4 | AN25: 0 | AQ25: 0 | AS25: 0 | AT25: Ngẫu nhiên
A26: RM025 | B26: Vũ Gia Tùng | C26: Nam | D26: 38459 | E26: =DATEDIF(D26,'Chú giải'!$B$3,"Y") -> 21 | F26: Sinh viên năm 3 | G26: ĐH Xây dựng Hà Nội | H26: 0900 000 025 | I26: vu.gia.tung.025@example.com | J26: Số 98 Đức Thắng, P. Đức Thắng, Q. Bắc Từ Liêm, Hà Nội | K26: Đức Thắng | L26: Bắc Từ Liêm | M26: V2 | N26: Không | O26: Không | P26: 6 | Q26: 2.5 | R26: 3 | T26: 46344 | U26: 12 | V26: 3 | W26: 3 | X26: 1 | Y26: 4 | Z26: 2 | AA26: 3 | AB26: 2 | AC26: 1 | AD26: 1 | AE26: 1 | AF26: 2 | AG26: 1 | AH26: 1 | AI26: 2 | AJ26: 3 | AK26: 4 | AL26: 4 | AN26: 0 | AQ26: 0 | AS26: 1 | AT26: Ngẫu nhiên
A27: RM026 | B27: Đặng Ngọc Phương | C27: Nữ | D27: 37002 | E27: =DATEDIF(D27,'Chú giải'!$B$3,"Y") -> 25 | F27: Nhân viên văn phòng | G27: Công ty CP Phần mềm Hà Thành | H27: 0900 000 026 | I27: dang.ngoc.phuong.026@example.com | J27: Số 5 ngõ 83 Thanh Nhàn, P. Thanh Nhàn, Q. Hai Bà Trưng, Hà Nội | K27: Thanh Nhàn | L27: Hai Bà Trưng | M27: V2 | N27: Không | O27: Không | P27: 6 | Q27: 3 | R27: 3.5 | T27: 46327 | U27: 6 | V27: 3 | W27: 3 | X27: 1 | Y27: 2 | Z27: 2 | AA27: 2 | AB27: 2 | AC27: 1 | AD27: 2 | AE27: 1 | AF27: 1 | AG27: 1 | AH27: 3 | AI27: 2 | AJ27: 2 | AK27: 2 | AL27: 1 | AN27: 0 | AQ27: 0 | AS27: 0 | AT27: Test đặc biệt | AU27: P20 | AV27: P20 · Bên B: Phạt A3≥3 × D4≥3
A28: RM027 | B28: Kiều Quang Tiến | C28: Nam | D28: 37686 | E28: =DATEDIF(D28,'Chú giải'!$B$3,"Y") -> 23 | F28: Nhân viên văn phòng | G28: Công ty TNHH Tư vấn Bắc Hà | H28: 0900 000 027 | I28: kieu.quang.tien.027@example.com | J28: Số 28 ngõ 203 Hồ Tùng Mậu, P. Cầu Diễn, Q. Nam Từ Liêm, Hà Nội | K28: Cầu Diễn | L28: Nam Từ Liêm | M28: V2 | N28: Không | O28: Không | P28: 6 | Q28: 3 | R28: 3.5 | T28: 46327 | U28: 6 | V28: 3 | X28: 1 | Y28: 2 | AA28: 2 | AB28: 2 | AC28: 1 | AD28: 2 | AE28: 1 | AF28: 1 | AG28: 1 | AI28: 2 | AJ28: 2 | AK28: 2 | AL28: 1 | AN28: 0 | AQ28: 0 | AS28: 0 | AT28: Test đặc biệt | AU28: P25 | AV28: P25 · Bên A: Bỏ trống câu hỏi
A29: RM028 | B29: Cao Kim Yến | C29: Nữ | D29: 37670 | E29: =DATEDIF(D29,'Chú giải'!$B$3,"Y") -> 23 | F29: Chuyên viên Marketing | G29: Agency Truyền thông Sao Bắc | H29: 0900 000 028 | I29: cao.kim.yen.028@example.com | J29: Số 7 ngõ 53 Lê Văn Lương, P. Nhân Chính, Q. Thanh Xuân, Hà Nội | K29: Nhân Chính | L29: Thanh Xuân | M29: V3 | N29: Có | O29: Không | P29: 6 | Q29: 6 | R29: 6.5 | S29: Hai Bà Trưng, Thanh Xuân | T29: 46354 | U29: 6 | V29: 6 | W29: 3 | X29: 2 | Y29: 3 | Z29: 3 | AA29: 2 | AB29: 3 | AC29: 3 | AD29: 3 | AE29: 1 | AF29: 1 | AG29: 1 | AH29: 1 | AI29: 3 | AJ29: 3 | AK29: 1 | AL29: 1 | AN29: 0 | AQ29: 0 | AS29: 0 | AT29: Ngẫu nhiên
A30: RM029 | B30: Cao Xuân Dương | C30: Nam | D30: 37049 | E30: =DATEDIF(D30,'Chú giải'!$B$3,"Y") -> 25 | F30: Nhân viên văn phòng | G30: Công ty CP Phần mềm Hà Thành | H30: 0900 000 029 | I30: cao.xuan.duong.029@example.com | J30: Số 11 ngõ 162 Nguyễn Chí Thanh, P. Liễu Giai, Q. Ba Đình, Hà Nội | K30: Liễu Giai | L30: Ba Đình | M30: V2 | N30: Không | O30: Không | P30: 6 | Q30: 3 | R30: 3.5 | T30: 46327 | U30: 6 | V30: 3 | W30: 2 | X30: 1 | Y30: 3 | Z30: 2 | AA30: 2 | AB30: 1 | AC30: 1 | AD30: 2 | AE30: 1 | AF30: 1 | AG30: 1 | AH30: 2 | AI30: 2 | AJ30: 2 | AK30: 3 | AL30: 1 | AN30: 0 | AQ30: 0 | AS30: 0 | AT30: Test đặc biệt | AU30: P24 | AV30: P24 · Bên B: Phạt chạm sàn −0,35
A31: RM030 | B31: Lương Ngọc Nhung | C31: Nữ | D31: 36993 | E31: =DATEDIF(D31,'Chú giải'!$B$3,"Y") -> 25 | F31: Nhân viên văn phòng | G31: Công ty CP Phần mềm Hà Thành | H31: 0900 000 030 | I31: luong.ngoc.nhung.030@example.com | J31: Số 29 ngõ 136 Vĩnh Tuy, P. Vĩnh Tuy, Q. Hai Bà Trưng, Hà Nội | K31: Vĩnh Tuy | L31: Hai Bà Trưng | M31: V2 | N31: Không | O31: Không | P31: 6 | Q31: 3 | R31: 3.5 | T31: 46349 | U31: 6 | V31: 3 | W31: 2 | X31: 1 | Y31: 2 | Z31: 2 | AA31: 2 | AB31: 2 | AC31: 1 | AD31: 2 | AE31: 1 | AF31: 1 | AG31: 1 | AH31: 2 | AI31: 2 | AJ31: 2 | AK31: 2 | AL31: 1 | AN31: 0 | AQ31: 0 | AS31: 0 | AT31: Test đặc biệt | AU31: P10 | AV31: P10 · Bên B: Ngày chuyển vào chênh 22 ngày
A32: RM031 | B32: Nguyễn Phương Anh | C32: Nữ | D32: 36952 | E32: =DATEDIF(D32,'Chú giải'!$B$3,"Y") -> 25 | F32: Nhân viên văn phòng | G32: Công ty CP Phần mềm Hà Thành | H32: 0900 000 031 | I32: nguyen.phuong.anh.031@example.com | J32: Số 15 ngõ 188 Nguyễn Văn Lộc, P. Mộ Lao, Q. Hà Đông, Hà Nội | K32: Mộ Lao | L32: Hà Đông | M32: V2 | N32: Không | O32: Không | P32: 6 | Q32: 3 | R32: 3.5 | T32: 46327 | U32: 6 | V32: 3 | W32: 2 | X32: 1 | Y32: 2 | Z32: 2 | AA32: 2 | AB32: 2 | AC32: 1 | AD32: 2 | AE32: 1 | AF32: 1 | AG32: 1 | AH32: 2 | AI32: 2 | AJ32: 2 | AK32: 2 | AL32: 1 | AN32: 0 | AQ32: 0 | AS32: 0 | AT32: Test đặc biệt | AU32: P23 | AV32: P23 · Bên B: Có ≥2 báo cáo đã xác minh
A33: RM032 | B33: Nguyễn Thành Tài | C33: Nam | D33: 33988 | E33: =DATEDIF(D33,'Chú giải'!$B$3,"Y") -> 33 | F33: Biên – phiên dịch (freelance) | G33: Freelance | H33: 0900 000 032 | I33: nguyen.thanh.tai.032@example.com | J33: Số 8 ngõ 101 Bạch Mai, P. Bạch Mai, Q. Hai Bà Trưng, Hà Nội | K33: Bạch Mai | L33: Hai Bà Trưng | M33: V1 | N33: Không | O33: Không | P33: 8 | Q33: 3.5 | R33: 5 | S33: Hai Bà Trưng | T33: 46310 | U33: 3 | V33: 3 | W33: 3 | X33: 1 | Y33: 4 | Z33: 3 | AA33: 3 | AB33: 1 | AC33: 3 | AD33: 1 | AE33: 1 | AF33: 1 | AG33: 2 | AH33: 2 | AI33: 1 | AJ33: 4 | AK33: 2 | AL33: 1 | AM33: 59 | AN33: 6 | AO33: 78 | AP33: 3.3 | AQ33: 0 | AS33: 0 | AT33: Ngẫu nhiên
A34: RM033 | B34: Đặng Thu Châu | C34: Nữ | D34: 37282 | E34: =DATEDIF(D34,'Chú giải'!$B$3,"Y") -> 24 | F34: Biên – phiên dịch (freelance) | G34: Freelance | H34: 0900 000 033 | I34: dang.thu.chau.033@example.com | J34: Số 30 ngõ 159 Định Công, P. Định Công, Q. Hoàng Mai, Hà Nội | K34: Định Công | L34: Hoàng Mai | M34: V2 | N34: Không | O34: Có | P34: 6 | Q34: 4 | R34: 4.5 | S34: Hai Bà Trưng, Hoàng Mai | T34: 46319 | U34: 6 | V34: 3 | W34: 1 | X34: 3 | Y34: 3 | Z34: 4 | AA34: 4 | AB34: 2 | AC34: 2 | AD34: 1 | AE34: 1 | AF34: 1 | AG34: 1 | AH34: 2 | AI34: 2 | AJ34: 1 | AK34: 2 | AL34: 1 | AM34: 99 | AN34: 6 | AO34: 98 | AP34: 3.4 | AQ34: 2 | AR34: 3.6 | AS34: 0 | AT34: Ngẫu nhiên
A35: RM034 | B35: Nguyễn Thanh Giang | C35: Nữ | D35: 37644 | E35: =DATEDIF(D35,'Chú giải'!$B$3,"Y") -> 23 | F35: Nhân viên văn phòng | G35: Công ty TNHH Tư vấn Bắc Hà | H35: 0900 000 034 | I35: nguyen.thanh.giang.034@example.com | J35: Số 2 ngõ 86 Núi Trúc, P. Kim Mã, Q. Ba Đình, Hà Nội | K35: Kim Mã | L35: Ba Đình | M35: V2 | N35: Không | O35: Không | P35: 6 | Q35: 3 | R35: 3.5 | T35: 46327 | U35: 6 | V35: 3 | W35: 2 | X35: 3 | Y35: 2 | Z35: 2 | AA35: 2 | AB35: 2 | AC35: 1 | AD35: 2 | AE35: 1 | AF35: 1 | AG35: 1 | AH35: 2 | AI35: 2 | AJ35: 2 | AK35: 2 | AL35: 1 | AN35: 0 | AQ35: 0 | AS35: 0 | AT35: Test đặc biệt | AU35: P21 | AV35: P21 · Bên A: Phạt A2=3 × A1=1
A36: RM035 | B36: Hoàng Gia Vinh | C36: Nam | D36: 37702 | E36: =DATEDIF(D36,'Chú giải'!$B$3,"Y") -> 23 | F36: Nhân viên bán hàng (ca kíp) | G36: Chuỗi điện máy Việt Tín | H36: 0900 000 035 | I36: hoang.gia.vinh.035@example.com | J36: Số 1 ngõ 118 Trung Kính, P. Yên Hòa, Q. Cầu Giấy, Hà Nội | K36: Yên Hòa | L36: Cầu Giấy | M36: V2 | N36: Có | O36: Không | P36: 6 | Q36: 3.5 | R36: 4 | S36: Hà Đông | T36: 46333 | U36: 3 | V36: 3 | W36: 1 | X36: 2 | Z36: 3 | AA36: 4 | AB36: 3 | AC36: 2 | AD36: 1 | AE36: 2 | AF36: 1 | AG36: 1 | AH36: 2 | AI36: 2 | AK36: 2 | AL36: 1 | AN36: 0 | AQ36: 0 | AS36: 0 | AT36: Ngẫu nhiên – thiếu dữ liệu | AV36: Bỏ trống: A3, E1
A37: RM036 | B37: Võ Quỳnh Vy | C37: Nữ | D37: 33638 | E37: =DATEDIF(D37,'Chú giải'!$B$3,"Y") -> 34 | F37: Giáo viên | G37: Trung tâm Anh ngữ Sunrise Hà Nội | H37: 0900 000 036 | I37: vo.quynh.vy.036@example.com | J37: Số 15 ngõ 132 Nguyễn Chí Thanh, P. Liễu Giai, Q. Ba Đình, Hà Nội | K37: Liễu Giai | L37: Ba Đình | M37: V3 | N37: Không | O37: Có | P37: 4 | Q37: 6 | R37: 6 | S37: Long Biên, Nam Từ Liêm | T37: 46333 | U37: 9 | V37: 6 | W37: 1 | X37: 1 | Y37: 2 | Z37: 3 | AA37: 3 | AB37: 1 | AC37: 2 | AD37: 2 | AE37: 1 | AF37: 1 | AG37: 1 | AH37: 2 | AI37: 2 | AJ37: 1 | AK37: 2 | AL37: 4 | AM37: 87 | AN37: 7 | AO37: 47 | AP37: 3.8 | AQ37: 0 | AS37: 0 | AT37: Ngẫu nhiên
A38: RM037 | B38: Phạm Quang Dương | C38: Nam | D38: 36931 | E38: =DATEDIF(D38,'Chú giải'!$B$3,"Y") -> 25 | F38: Nhân viên văn phòng | G38: Công ty CP Phần mềm Hà Thành | H38: 0900 000 037 | I38: pham.quang.duong.037@example.com | J38: Số 103 Giải Phóng, P. Phương Liệt, Q. Thanh Xuân, Hà Nội | K38: Phương Liệt | L38: Thanh Xuân | M38: V2 | N38: Không | O38: Không | P38: 6 | Q38: 3 | R38: 3.5 | T38: 46327 | U38: 6 | V38: 3 | W38: 2 | X38: 1 | Y38: 2 | Z38: 2 | AA38: 2 | AB38: 2 | AC38: 1 | AD38: 2 | AE38: 1 | AF38: 1 | AG38: 2 | AH38: 2 | AI38: 2 | AJ38: 2 | AK38: 2 | AL38: 1 | AN38: 0 | AQ38: 0 | AS38: 0 | AT38: Test đặc biệt | AU38: P17 | AV38: P17 · Bên B: Dị ứng nhẹ × thú nhỏ
A39: RM038 | B39: Nguyễn Phương Ngọc | C39: Nữ | D39: 36939 | E39: =DATEDIF(D39,'Chú giải'!$B$3,"Y") -> 25 | F39: Nhân viên văn phòng | G39: Công ty CP Phần mềm Hà Thành | H39: 0900 000 038 | I39: nguyen.phuong.ngoc.038@example.com | J39: Số 20 ngõ 98 Cầu Giấy, P. Dịch Vọng, Q. Cầu Giấy, Hà Nội | K39: Dịch Vọng | L39: Cầu Giấy | M39: V3 | N39: Không | O39: Không | P39: 6 | Q39: 3 | R39: 3.5 | T39: 46327 | U39: 6 | V39: 3 | W39: 2 | X39: 1 | Y39: 2 | Z39: 2 | AA39: 2 | AB39: 2 | AC39: 1 | AD39: 2 | AE39: 1 | AF39: 1 | AG39: 1 | AH39: 2 | AI39: 2 | AJ39: 2 | AK39: 2 | AL39: 1 | AN39: 0 | AQ39: 0 | AS39: 0 | AT39: Test đặc biệt | AU39: P03 | AV39: P03 · Bên B: Khác giới – chỉ một bên bật H1
A40: RM039 | B40: Bùi Kim Trâm | C40: Nữ | D40: 36588 | E40: =DATEDIF(D40,'Chú giải'!$B$3,"Y") -> 26 | F40: Kỹ sư xây dựng | G40: Công ty CP Xây dựng & Đầu tư Hồng Hà | H40: 0900 000 039 | I40: bui.kim.tram.039@example.com | J40: Số 86 Dương Nội, P. Dương Nội, Q. Hà Đông, Hà Nội | K40: Dương Nội | L40: Hà Đông | M40: V2 | N40: Có | O40: Không | P40: 6 | Q40: 6 | R40: 7.5 | T40: 46314 | U40: 6 | V40: 3 | W40: 2 | X40: 1 | Y40: 2 | Z40: 3 | AA40: 4 | AB40: 1 | AC40: 1 | AD40: 2 | AE40: 1 | AF40: 1 | AG40: 1 | AH40: 1 | AI40: 2 | AJ40: 3 | AK40: 3 | AL40: 4 | AM40: 87 | AN40: 2 | AO40: 79 | AP40: 3.6 | AQ40: 1 | AR40: 4.1 | AS40: 0 | AT40: Ngẫu nhiên
A41: RM040 | B41: Vũ Việt Dũng | C41: Nam | D41: 36913 | E41: =DATEDIF(D41,'Chú giải'!$B$3,"Y") -> 25 | F41: Nhân viên văn phòng | G41: Công ty CP Phần mềm Hà Thành | H41: 0900 000 040 | I41: vu.viet.dung.040@example.com | J41: Số 138 Nguyễn Văn Lộc, P. Mộ Lao, Q. Hà Đông, Hà Nội | K41: Mộ Lao | L41: Hà Đông | M41: V2 | N41: Không | O41: Không | P41: 6 | Q41: 3 | R41: 3.5 | S41: Hà Đông | T41: 46327 | U41: 6 | V41: 3 | W41: 2 | X41: 1 | Y41: 2 | Z41: 2 | AA41: 2 | AB41: 2 | AC41: 1 | AD41: 2 | AE41: 1 | AF41: 1 | AG41: 1 | AH41: 2 | AI41: 2 | AJ41: 2 | AK41: 2 | AL41: 1 | AN41: 0 | AQ41: 0 | AS41: 0 | AT41: Test đặc biệt | AU41: P09 | AV41: P09 · Bên B: Khu vực không giao nhau
A42: RM041 | B42: Trần Mai Trang | C42: Nữ | D42: 38728 | E42: =DATEDIF(D42,'Chú giải'!$B$3,"Y") -> 20 | F42: Sinh viên năm 2 | G42: ĐH Kinh tế Quốc dân | H42: 0900 000 041 | I42: tran.mai.trang.041@example.com | J42: Số 4 ngõ 169 Giải Phóng, P. Phương Liệt, Q. Thanh Xuân, Hà Nội | K42: Phương Liệt | L42: Thanh Xuân | M42: V3 | N42: Có | O42: Không | P42: 8 | Q42: 2.5 | R42: 3 | T42: 46330 | U42: 6 | V42: 3 | W42: 3 | X42: 1 | Y42: 2 | Z42: 3 | AA42: 3 | AB42: 3 | AC42: 4 | AD42: 2 | AE42: 1 | AF42: 1 | AG42: 2 | AH42: 2 | AI42: 2 | AJ42: 3 | AK42: 2 | AL42: 1 | AN42: 0 | AQ42: 0 | AS42: 0 | AT42: Ngẫu nhiên
A43: RM042 | B43: Vũ Công Nghĩa | C43: Nam | D43: 34861 | E43: =DATEDIF(D43,'Chú giải'!$B$3,"Y") -> 31 | F43: Kỹ sư xây dựng | G43: Công ty CP Xây dựng & Đầu tư Hồng Hà | H43: 0900 000 042 | I43: vu.cong.nghia.042@example.com | J43: Số 105 Lê Đức Thọ, P. Mỹ Đình 1, Q. Nam Từ Liêm, Hà Nội | K43: Mỹ Đình 1 | L43: Nam Từ Liêm | M43: V1 | N43: Không | O43: Không | P43: 12 | Q43: 4 | R43: 4.5 | T43: 46315 | U43: 6 | V43: 3 | W43: 2 | X43: 1 | Y43: 1 | Z43: 4 | AA43: 2 | AB43: 3 | AC43: 4 | AD43: 3 | AE43: 1 | AF43: 2 | AG43: 1 | AH43: 2 | AI43: 2 | AJ43: 2 | AK43: 3 | AL43: 2 | AM43: 94 | AN43: 8 | AO43: 51 | AP43: 3.9 | AQ43: 1 | AR43: 3.8 | AS43: 0 | AT43: Ngẫu nhiên
A44: RM043 | B44: Nguyễn Minh Bách | C44: Nam | D44: 37685 | E44: =DATEDIF(D44,'Chú giải'!$B$3,"Y") -> 23 | F44: Nhân viên văn phòng | G44: Công ty TNHH Tư vấn Bắc Hà | H44: 0900 000 043 | I44: nguyen.minh.bach.043@example.com | J44: Số 27 ngõ 43 Cổ Nhuế, P. Cổ Nhuế 1, Q. Bắc Từ Liêm, Hà Nội | K44: Cổ Nhuế 1 | L44: Bắc Từ Liêm | M44: V2 | N44: Không | O44: Không | P44: 6 | Q44: 3 | R44: 3.5 | T44: 46327 | U44: 6 | V44: 3 | W44: 2 | X44: 1 | Y44: 2 | Z44: 2 | AA44: 2 | AB44: 2 | AC44: 1 | AD44: 2 | AE44: 1 | AF44: 1 | AG44: 1 | AH44: 2 | AI44: 2 | AJ44: 2 | AK44: 2 | AL44: 1 | AN44: 0 | AQ44: 0 | AS44: 0 | AT44: Test đặc biệt | AU44: P02 | AV44: P02 · Bên A: Khác giới – cả hai tắt H1
A45: RM044 | B45: Trần Kim Thảo | C45: Nữ | D45: 35954 | E45: =DATEDIF(D45,'Chú giải'!$B$3,"Y") -> 28 | F45: Điều dưỡng (làm ca kíp) | G45: Bệnh viện đa khoa tư nhân An Phúc | H45: 0900 000 044 | I45: tran.kim.thao.044@example.com | J45: Số 5 ngõ 23 Xuân Thủy, P. Dịch Vọng Hậu, Q. Cầu Giấy, Hà Nội | K45: Dịch Vọng Hậu | L45: Cầu Giấy | M45: V1 | N45: Không | O45: Không | P45: 6 | Q45: 4 | R45: 5 | S45: Cầu Giấy, Nam Từ Liêm | T45: 46345 | U45: 3 | V45: 3 | W45: 4 | X45: 2 | Y45: 1 | Z45: 2 | AA45: 2 | AB45: 3 | AC45: 2 | AD45: 3 | AE45: 1 | AF45: 1 | AG45: 3 | AH45: 2 | AI45: 2 | AJ45: 3 | AK45: 2 | AL45: 1 | AM45: 98 | AN45: 8 | AO45: 92 | AP45: 3.5 | AQ45: 4 | AR45: 5 | AS45: 0 | AT45: Ngẫu nhiên
A46: RM045 | B46: Trần Thanh Nga | C46: Nữ | D46: 36902 | E46: =DATEDIF(D46,'Chú giải'!$B$3,"Y") -> 25 | F46: Nhân viên văn phòng | G46: Công ty CP Phần mềm Hà Thành | H46: 0900 000 045 | I46: tran.thanh.nga.045@example.com | J46: Số 267 Xuân Đỉnh, P. Xuân Đỉnh, Q. Bắc Từ Liêm, Hà Nội | K46: Xuân Đỉnh | L46: Bắc Từ Liêm | M46: V2 | N46: Không | O46: Không | P46: 6 | Q46: 3 | R46: 3.5 | T46: 46327 | U46: 6 | V46: 3 | W46: 2 | X46: 1 | Y46: 2 | Z46: 2 | AA46: 4 | AB46: 2 | AC46: 1 | AD46: 2 | AE46: 1 | AF46: 1 | AG46: 1 | AH46: 2 | AI46: 2 | AJ46: 1 | AK46: 2 | AL46: 2 | AN46: 0 | AQ46: 0 | AS46: 0 | AT46: Test đặc biệt | AU46: P22 | AV46: P22 · Bên B: Cộng dồn ba phạt nhỏ
A47: RM046 | B47: Ngô Phương Ly | C47: Nữ | D47: 37738 | E47: =DATEDIF(D47,'Chú giải'!$B$3,"Y") -> 23 | F47: Nhân viên bán hàng (ca kíp) | G47: Chuỗi điện máy Việt Tín | H47: 0900 000 046 | I47: ngo.phuong.ly.046@example.com | J47: Số 5 ngõ 233 Giải Phóng, P. Phương Liệt, Q. Thanh Xuân, Hà Nội | K47: Phương Liệt | L47: Thanh Xuân | M47: V2 | N47: Không | O47: Không | P47: 6 | Q47: 4.5 | R47: 5 | S47: Hà Đông, Thanh Xuân | T47: 46342 | U47: 9 | V47: 3 | W47: 3 | X47: 3 | Y47: 1 | Z47: 2 | AA47: 3 | AB47: 2 | AC47: 1 | AD47: 2 | AE47: 2 | AF47: 1 | AG47: 1 | AH47: 2 | AI47: 1 | AJ47: 3 | AK47: 3 | AL47: 2 | AN47: 0 | AQ47: 0 | AS47: 0 | AT47: Ngẫu nhiên
A48: RM047 | B48: Dương Minh Huy | C48: Nam | D48: 38369 | E48: =DATEDIF(D48,'Chú giải'!$B$3,"Y") -> 21 | F48: Sinh viên năm 3 | G48: ĐH Công nghệ – ĐHQGHN | H48: 0900 000 047 | I48: duong.minh.huy.047@example.com | J48: Số 14 ngõ 70 Kim Đồng, P. Định Công, Q. Hoàng Mai, Hà Nội | K48: Định Công | L48: Hoàng Mai | M48: V1 | N48: Không | O48: Không | P48: 6 | Q48: 2 | R48: 2.5 | S48: Hoàng Mai, Nam Từ Liêm | T48: 46324 | U48: 12 | V48: 6 | W48: 4 | X48: 1 | Y48: 1 | Z48: 2 | AA48: 3 | AB48: 3 | AC48: 2 | AD48: 3 | AE48: 2 | AF48: 1 | AG48: 1 | AH48: 2 | AI48: 2 | AJ48: 2 | AK48: 1 | AL48: 1 | AM48: 88 | AN48: 11 | AO48: 62 | AP48: 3.2 | AQ48: 3 | AR48: 4.1 | AS48: 0 | AT48: Ngẫu nhiên
A49: RM048 | B49: Nguyễn Hữu Long | C49: Nam | D49: 37000 | E49: =DATEDIF(D49,'Chú giải'!$B$3,"Y") -> 25 | F49: Nhân viên văn phòng | G49: Công ty CP Phần mềm Hà Thành | H49: 0900 000 048 | I49: nguyen.huu.long.048@example.com | J49: Số 5 ngõ 14 Hồ Tùng Mậu, P. Cầu Diễn, Q. Nam Từ Liêm, Hà Nội | K49: Cầu Diễn | L49: Nam Từ Liêm | M49: V2 | N49: Không | O49: Không | P49: 6 | Q49: 3 | R49: 3.5 | T49: 46327 | U49: 6 | V49: 3 | W49: 3 | X49: 1 | Y49: 2 | Z49: 2 | AA49: 2 | AB49: 2 | AC49: 1 | AD49: 2 | AE49: 1 | AF49: 1 | AG49: 1 | AH49: 2 | AI49: 2 | AJ49: 2 | AK49: 2 | AL49: 1 | AN49: 0 | AQ49: 0 | AS49: 0 | AT49: Test đặc biệt | AU49: P27 | AV49: P27 · Bên B: Giờ ngủ lệch 2 bậc (cần chốt)
A50: RM049 | B50: Võ Đức Tiến | C50: Nam | D50: 37638 | E50: =DATEDIF(D50,'Chú giải'!$B$3,"Y") -> 23 | F50: Nhân viên văn phòng | G50: Công ty TNHH Tư vấn Bắc Hà | H50: 0900 000 049 | I50: vo.duc.tien.049@example.com | J50: Số 6 ngõ 157 Duy Tân, P. Dịch Vọng, Q. Cầu Giấy, Hà Nội | K50: Dịch Vọng | L50: Cầu Giấy | M50: V2 | N50: Không | O50: Không | P50: 6 | Q50: 3 | R50: 3.5 | S50: Cầu Giấy | T50: 46327 | U50: 6 | V50: 3 | W50: 2 | X50: 1 | Y50: 2 | Z50: 2 | AA50: 2 | AB50: 2 | AC50: 1 | AD50: 2 | AE50: 1 | AF50: 1 | AG50: 1 | AH50: 2 | AI50: 2 | AJ50: 2 | AK50: 2 | AL50: 1 | AN50: 0 | AQ50: 0 | AS50: 0 | AT50: Test đặc biệt | AU50: P09 | AV50: P09 · Bên A: Khu vực không giao nhau
A51: RM050 | B51: Nguyễn Hồng Hà | C51: Nữ | D51: 38015 | E51: =DATEDIF(D51,'Chú giải'!$B$3,"Y") -> 22 | F51: Sinh viên năm 4 | G51: ĐH Ngoại thương | H51: 0900 000 050 | I51: nguyen.hong.ha.050@example.com | J51: Số 53 Nguyễn Tuân, P. Thanh Xuân Trung, Q. Thanh Xuân, Hà Nội | K51: Thanh Xuân Trung | L51: Thanh Xuân | M51: V2 | N51: Không | O51: Không | P51: 6 | Q51: 3 | R51: 3.5 | T51: 46327 | U51: 6 | V51: 3 | W51: 2 | X51: 1 | Y51: 2 | Z51: 2 | AA51: 2 | AB51: 2 | AC51: 1 | AD51: 2 | AE51: 1 | AF51: 1 | AG51: 1 | AH51: 2 | AI51: 2 | AJ51: 2 | AK51: 2 | AL51: 1 | AN51: 0 | AQ51: 0 | AS51: 0 | AT51: Test đặc biệt | AU51: P07 | AV51: P07 · Bên A: Lệch tuổi đúng biên
A52: RM051 | B52: Phan Bảo Lan | C52: Nữ | D52: 37772 | E52: =DATEDIF(D52,'Chú giải'!$B$3,"Y") -> 23 | F52: Nhân viên văn phòng | G52: Công ty TNHH Tư vấn Bắc Hà | H52: 0900 000 051 | I52: phan.bao.lan.051@example.com | J52: Số 24 ngõ 207 Định Công, P. Định Công, Q. Hoàng Mai, Hà Nội | K52: Định Công | L52: Hoàng Mai | M52: V2 | N52: Không | O52: Không | P52: 6 | Q52: 4.5 | R52: 5 | T52: 46327 | U52: 6 | V52: 3 | W52: 2 | X52: 1 | Y52: 2 | Z52: 2 | AA52: 2 | AB52: 2 | AC52: 1 | AD52: 2 | AE52: 1 | AF52: 1 | AG52: 1 | AH52: 2 | AI52: 2 | AJ52: 2 | AK52: 2 | AL52: 1 | AN52: 0 | AQ52: 0 | AS52: 0 | AT52: Test đặc biệt | AU52: P08 | AV52: P08 · Bên A: Ngân sách vượt trần đối phương
A53: RM052 | B53: Nguyễn Minh Huyền | C53: Nữ | D53: 37745 | E53: =DATEDIF(D53,'Chú giải'!$B$3,"Y") -> 23 | F53: Nhân viên văn phòng | G53: Công ty TNHH Tư vấn Bắc Hà | H53: 0900 000 052 | I53: nguyen.minh.huyen.052@example.com | J53: Số 16 ngõ 188 Nguyễn Văn Huyên, P. Nghĩa Tân, Q. Cầu Giấy, Hà Nội | K53: Nghĩa Tân | L53: Cầu Giấy | M53: V2 | N53: Không | O53: Không | P53: 6 | Q53: 3 | R53: 3.5 | T53: 46327 | U53: 6 | V53: 3 | W53: 2 | X53: 1 | Y53: 2 | Z53: 2 | AA53: 2 | AB53: 2 | AC53: 1 | AD53: 2 | AE53: 1 | AF53: 1 | AG53: 1 | AH53: 2 | AI53: 2 | AJ53: 2 | AK53: 4 | AL53: 1 | AN53: 0 | AQ53: 0 | AS53: 0 | AT53: Test đặc biệt | AU53: P18 | AV53: P18 · Bên A: Phạt F1=4 × C1=1
A54: RM053 | B54: Ngô Tuấn Hưng | C54: Nam | D54: 38458 | E54: =DATEDIF(D54,'Chú giải'!$B$3,"Y") -> 21 | F54: Sinh viên năm 3 | G54: ĐH Thương mại | H54: 0900 000 053 | I54: ngo.tuan.hung.053@example.com | J54: Số 2 ngõ 92 Tố Hữu, P. Dương Nội, Q. Hà Đông, Hà Nội | K54: Dương Nội | L54: Hà Đông | M54: V2 | N54: Có | O54: Không | P54: 6 | Q54: 2.5 | R54: 3.5 | S54: Cầu Giấy, Hà Đông | T54: 46314 | U54: 12 | V54: 3 | W54: 2 | X54: 1 | Y54: 3 | Z54: 2 | AA54: 3 | AB54: 3 | AC54: 3 | AD54: 3 | AE54: 1 | AF54: 1 | AG54: 1 | AH54: 1 | AI54: 3 | AJ54: 1 | AK54: 2 | AL54: 1 | AN54: 0 | AQ54: 0 | AS54: 0 | AT54: Ngẫu nhiên
A55: RM054 | B55: Nguyễn Văn Tài | C55: Nam | D55: 37740 | E55: =DATEDIF(D55,'Chú giải'!$B$3,"Y") -> 23 | F55: Nhân viên văn phòng | G55: Công ty TNHH Tư vấn Bắc Hà | H55: 0900 000 054 | I55: nguyen.van.tai.054@example.com | J55: Số 11 ngõ 79 Trần Đại Nghĩa, P. Bách Khoa, Q. Hai Bà Trưng, Hà Nội | K55: Bách Khoa | L55: Hai Bà Trưng | M55: V2 | N55: Không | O55: Có | P55: 6 | Q55: 3 | R55: 3.5 | T55: 46327 | U55: 6 | V55: 3 | W55: 2 | X55: 1 | Y55: 2 | Z55: 2 | AA55: 2 | AB55: 2 | AC55: 1 | AD55: 2 | AE55: 1 | AF55: 1 | AG55: 1 | AH55: 2 | AI55: 2 | AJ55: 2 | AK55: 2 | AL55: 1 | AN55: 0 | AQ55: 0 | AS55: 0 | AT55: Test đặc biệt | AU55: P05 | AV55: P05 · Bên A: Khác giới hợp lệ
A56: RM055 | B56: Lê Văn Minh | C56: Nam | D56: 37640 | E56: =DATEDIF(D56,'Chú giải'!$B$3,"Y") -> 23 | F56: Nhân viên văn phòng | G56: Công ty TNHH Tư vấn Bắc Hà | H56: 0900 000 055 | I56: le.van.minh.055@example.com | J56: Số 79 Quảng An, P. Quảng An, Q. Tây Hồ, Hà Nội | K56: Quảng An | L56: Tây Hồ | M56: V1 | N56: Không | O56: Có | P56: 6 | Q56: 3 | R56: 3.5 | T56: 46327 | U56: 6 | V56: 3 | W56: 2 | X56: 1 | Y56: 2 | Z56: 2 | AA56: 2 | AB56: 2 | AC56: 1 | AD56: 2 | AE56: 1 | AF56: 1 | AG56: 1 | AH56: 2 | AI56: 2 | AJ56: 2 | AK56: 2 | AL56: 1 | AN56: 0 | AQ56: 0 | AS56: 0 | AT56: Test đặc biệt | AU56: P04 | AV56: P04 · Bên A: Khác giới – cả hai bật nhưng một bên V1
A57: RM056 | B57: Đỗ Bảo Yến | C57: Nữ | D57: 35148 | E57: =DATEDIF(D57,'Chú giải'!$B$3,"Y") -> 30 | F57: Kế toán | G57: Công ty TNHH Thương mại Đại Phát | H57: 0900 000 056 | I57: do.bao.yen.056@example.com | J57: Số 17 ngõ 38 Phạm Hùng, P. Mễ Trì, Q. Nam Từ Liêm, Hà Nội | K57: Mễ Trì | L57: Nam Từ Liêm | M57: V3 | N57: Có | O57: Không | P57: 6 | Q57: 4 | R57: 5 | S57: Hoàng Mai, Tây Hồ | T57: 46359 | U57: 6 | V57: 6 | W57: 2 | X57: 1 | Y57: 1 | Z57: 4 | AA57: 2 | AB57: 3 | AC57: 2 | AD57: 2 | AE57: 1 | AF57: 1 | AG57: 1 | AH57: 1 | AI57: 1 | AJ57: 3 | AK57: 3 | AL57: 1 | AN57: 0 | AQ57: 0 | AS57: 0 | AT57: Ngẫu nhiên
A58: RM057 | B58: Đoàn Thị Thu | C58: Nữ | D58: 36995 | E58: =DATEDIF(D58,'Chú giải'!$B$3,"Y") -> 25 | F58: Nhân viên văn phòng | G58: Công ty CP Phần mềm Hà Thành | H58: 0900 000 057 | I58: doan.thi.thu.057@example.com | J58: Số 140 Khương Trung, P. Khương Trung, Q. Thanh Xuân, Hà Nội | K58: Khương Trung | L58: Thanh Xuân | M58: V2 | N58: Không | O58: Không | P58: 6 | Q58: 3 | R58: 3.5 | T58: 46327 | U58: 6 | V58: 3 | W58: 2 | X58: 1 | Y58: 2 | Z58: 2 | AA58: 2 | AB58: 2 | AC58: 1 | AD58: 2 | AE58: 1 | AF58: 1 | AG58: 2 | AH58: 2 | AI58: 2 | AJ58: 2 | AK58: 2 | AL58: 1 | AN58: 0 | AQ58: 0 | AS58: 0 | AT58: Test đặc biệt | AU58: P15 | AV58: P15 · Bên B: Dị ứng nặng × thú nhỏ
A59: RM058 | B59: Trần Việt Sơn | C59: Nam | D59: 36988 | E59: =DATEDIF(D59,'Chú giải'!$B$3,"Y") -> 25 | F59: Nhân viên văn phòng | G59: Công ty CP Phần mềm Hà Thành | H59: 0900 000 058 | I59: tran.viet.son.058@example.com | J59: Số 21 ngõ 101 Nguyễn Ngọc Nại, P. Khương Trung, Q. Thanh Xuân, Hà Nội | K59: Khương Trung | L59: Thanh Xuân | M59: V2 | N59: Không | O59: Không | P59: 6 | Q59: 3 | R59: 3.5 | T59: 46327 | U59: 6 | V59: 3 | W59: 2 | X59: 1 | Y59: 2 | Z59: 2 | AA59: 2 | AB59: 2 | AC59: 1 | AD59: 2 | AE59: 1 | AF59: 1 | AG59: 3 | AH59: 2 | AI59: 2 | AJ59: 2 | AK59: 2 | AL59: 1 | AN59: 0 | AQ59: 0 | AS59: 0 | AT59: Test đặc biệt | AU59: P16 | AV59: P16 · Bên B: Dị ứng nhẹ × thú lớn
A60: RM059 | B60: Lê Văn Thịnh | C60: Nam | D60: 37802 | E60: =DATEDIF(D60,'Chú giải'!$B$3,"Y") -> 23 | F60: Nhân viên văn phòng | G60: Công ty TNHH Tư vấn Bắc Hà | H60: 0900 000 059 | I60: le.van.thinh.059@example.com | J60: Số 25 ngõ 96 Núi Trúc, P. Kim Mã, Q. Ba Đình, Hà Nội | K60: Kim Mã | L60: Ba Đình | M60: V2 | N60: Không | O60: Không | P60: 6 | Q60: 3 | R60: 3.5 | T60: 46327 | U60: 6 | V60: 3 | W60: 2 | X60: 1 | Y60: 4 | Z60: 2 | AA60: 2 | AB60: 2 | AC60: 1 | AD60: 2 | AE60: 1 | AF60: 1 | AG60: 1 | AH60: 2 | AI60: 2 | AJ60: 2 | AK60: 2 | AL60: 1 | AN60: 0 | AQ60: 0 | AS60: 0 | AT60: Test đặc biệt | AU60: P14 | AV60: P14 · Bên A: Nhóm A cực đoan – làm việc tại nhà
A61: RM060 | B61: Vũ Quỳnh Giang | C61: Nữ | D61: 37066 | E61: =DATEDIF(D61,'Chú giải'!$B$3,"Y") -> 25 | F61: Nhân viên văn phòng | G61: Công ty CP Phần mềm Hà Thành | H61: 0900 000 060 | I61: vu.quynh.giang.060@example.com | J61: Số 19 ngõ 132 Nguyễn Xiển, P. Hạ Đình, Q. Thanh Xuân, Hà Nội | K61: Hạ Đình | L61: Thanh Xuân | M61: V2 | N61: Không | O61: Không | P61: 6 | Q61: 3 | R61: 3.5 | T61: 46327 | U61: 6 | V61: 3 | W61: 2 | X61: 1 | Y61: 2 | Z61: 2 | AA61: 2 | AB61: 2 | AC61: 1 | AD61: 2 | AE61: 1 | AF61: 1 | AG61: 1 | AH61: 2 | AI61: 2 | AJ61: 2 | AK61: 2 | AL61: 1 | AN61: 0 | AQ61: 0 | AS61: 0 | AT61: Test đặc biệt | AU61: P02 | AV61: P02 · Bên B: Khác giới – cả hai tắt H1
A62: RM061 | B62: Lê Anh Vinh | C62: Nam | D62: 37015 | E62: =DATEDIF(D62,'Chú giải'!$B$3,"Y") -> 25 | F62: Nhân viên văn phòng | G62: Công ty CP Phần mềm Hà Thành | H62: 0900 000 061 | I62: le.anh.vinh.061@example.com | J62: Số 18 ngõ 5 Cầu Diễn, P. Cầu Diễn, Q. Nam Từ Liêm, Hà Nội | K62: Cầu Diễn | L62: Nam Từ Liêm | M62: V2 | N62: Không | O62: Không | P62: 6 | Q62: 3 | R62: 3.5 | T62: 46327 | U62: 6 | V62: 3 | W62: 2 | X62: 1 | Y62: 1 | Z62: 2 | AA62: 2 | AB62: 2 | AC62: 1 | AD62: 2 | AE62: 1 | AF62: 1 | AG62: 1 | AH62: 2 | AI62: 2 | AJ62: 2 | AK62: 2 | AL62: 1 | AN62: 0 | AQ62: 0 | AS62: 0 | AT62: Test đặc biệt | AU62: P14 | AV62: P14 · Bên B: Nhóm A cực đoan – làm việc tại nhà
A63: RM062 | B63: Trần Công Sơn | C63: Nam | D63: 37046 | E63: =DATEDIF(D63,'Chú giải'!$B$3,"Y") -> 25 | F63: Nhân viên văn phòng | G63: Công ty CP Phần mềm Hà Thành | H63: 0900 000 062 | I63: tran.cong.son.062@example.com | J63: Số 25 ngõ 126 Hào Nam, P. Ô Chợ Dừa, Q. Đống Đa, Hà Nội | K63: Ô Chợ Dừa | L63: Đống Đa | M63: V2 | N63: Không | O63: Không | P63: 6 | Q63: 3 | R63: 3.5 | T63: 46327 | U63: 3 | V63: 3 | W63: 2 | X63: 1 | Y63: 2 | Z63: 2 | AA63: 2 | AB63: 2 | AC63: 1 | AD63: 2 | AE63: 1 | AF63: 1 | AG63: 1 | AH63: 2 | AI63: 2 | AJ63: 2 | AK63: 2 | AL63: 1 | AN63: 0 | AQ63: 0 | AS63: 0 | AT63: Test đặc biệt | AU63: P12 | AV63: P12 · Bên B: Cam kết thấp hơn mức yêu cầu
A64: RM063 | B64: Phạm Việt Long | C64: Nam | D64: 36554 | E64: =DATEDIF(D64,'Chú giải'!$B$3,"Y") -> 26 | F64: Điều dưỡng (làm ca kíp) | G64: Bệnh viện đa khoa tư nhân An Phúc | H64: 0900 000 063 | I64: pham.viet.long.063@example.com | J64: Số 5 ngõ 161 Tố Hữu, P. Dương Nội, Q. Hà Đông, Hà Nội | K64: Dương Nội | L64: Hà Đông | M64: V1 | N64: Không | O64: Không | P64: 6 | Q64: 3.5 | R64: 4 | T64: 46341 | U64: 3 | V64: 3 | W64: 4 | Y64: 1 | Z64: 3 | AA64: 3 | AB64: 2 | AC64: 1 | AD64: 2 | AE64: 2 | AF64: 2 | AH64: 3 | AJ64: 2 | AK64: 2 | AL64: 1 | AM64: 76 | AN64: 8 | AO64: 87 | AP64: 4.4 | AQ64: 1 | AR64: 4.3 | AS64: 0 | AT64: Ngẫu nhiên – thiếu dữ liệu | AV64: Bỏ trống: A2, D3, D5
A65: RM064 | B65: Trần Xuân Tiến | C65: Nam | D65: 36227 | E65: =DATEDIF(D65,'Chú giải'!$B$3,"Y") -> 27 | F65: Nhân viên ngân hàng | G65: Ngân hàng TMCP Phương Bắc (CN Hà Nội) | H65: 0900 000 064 | I65: tran.xuan.tien.064@example.com | J65: Số 9 ngõ 235 Kim Ngưu, P. Thanh Nhàn, Q. Hai Bà Trưng, Hà Nội | K65: Thanh Nhàn | L65: Hai Bà Trưng | M65: V1 | N65: Không | O65: Không | P65: 6 | Q65: 3 | R65: 3.5 | S65: Ba Đình, Hai Bà Trưng | T65: 46318 | U65: 9 | V65: 3 | W65: 2 | X65: 1 | Y65: 2 | Z65: 4 | AB65: 2 | AC65: 1 | AD65: 2 | AF65: 1 | AH65: 1 | AI65: 2 | AK65: 1 | AL65: 1 | AN65: 0 | AQ65: 0 | AS65: 0 | AT65: Ngẫu nhiên – thiếu dữ liệu | AV65: Bỏ trống: B2, D1, D3, E1
A66: RM065 | B66: Võ Phương Nga | C66: Nữ | D66: 37711 | E66: =DATEDIF(D66,'Chú giải'!$B$3,"Y") -> 23 | F66: Nhân viên văn phòng | G66: Công ty TNHH Tư vấn Bắc Hà | H66: 0900 000 065 | I66: vo.phuong.nga.065@example.com | J66: Số 19 ngõ 199 Ngọc Lâm, P. Ngọc Lâm, Q. Long Biên, Hà Nội | K66: Ngọc Lâm | L66: Long Biên | M66: V2 | N66: Không | O66: Không | P66: 6 | Q66: 3 | R66: 3.5 | T66: 46327 | U66: 6 | V66: 3 | W66: 2 | X66: 1 | Y66: 2 | Z66: 2 | AA66: 2 | AB66: 2 | AC66: 1 | AD66: 2 | AE66: 1 | AF66: 1 | AG66: 1 | AH66: 2 | AI66: 2 | AJ66: 2 | AK66: 2 | AL66: 1 | AN66: 0 | AQ66: 0 | AS66: 2 | AT66: Test đặc biệt | AU66: P23 | AV66: P23 · Bên A: Có ≥2 báo cáo đã xác minh
A67: RM066 | B67: Hoàng Thị Hằng | C67: Nữ | D67: 39455 | E67: =DATEDIF(D67,'Chú giải'!$B$3,"Y") -> 18 | F67: Sinh viên năm 1 | G67: Học viện Tài chính | H67: 0900 000 066 | I67: hoang.thi.hang.066@example.com | J67: Số 5 ngõ 141 Giảng Võ, P. Giảng Võ, Q. Ba Đình, Hà Nội | K67: Giảng Võ | L67: Ba Đình | M67: V2 | N67: Có | O67: Không | P67: 6 | Q67: 2 | R67: 2 | T67: 46365 | U67: 6 | V67: 3 | W67: 2 | X67: 1 | Y67: 1 | Z67: 2 | AA67: 3 | AB67: 3 | AC67: 2 | AD67: 2 | AE67: 1 | AF67: 1 | AG67: 1 | AH67: 2 | AI67: 1 | AJ67: 4 | AK67: 2 | AL67: 2 | AM67: 99 | AN67: 9 | AO67: 93 | AP67: 4.2 | AQ67: 0 | AS67: 0 | AT67: Ngẫu nhiên
A68: RM067 | B68: Hà Minh Hiền | C68: Nữ | D68: 37047 | E68: =DATEDIF(D68,'Chú giải'!$B$3,"Y") -> 25 | F68: Nhân viên văn phòng | G68: Công ty CP Phần mềm Hà Thành | H68: 0900 000 067 | I68: ha.minh.hien.067@example.com | J68: Số 15 ngõ 45 Nguyễn Hữu Thọ, P. Hoàng Liệt, Q. Hoàng Mai, Hà Nội | K68: Hoàng Liệt | L68: Hoàng Mai | M68: V2 | N68: Không | O68: Không | P68: 6 | Q68: 3 | R68: 3.5 | T68: 46327 | U68: 6 | V68: 3 | W68: 2 | X68: 1 | Y68: 2 | Z68: 2 | AA68: 2 | AB68: 2 | AC68: 1 | AD68: 2 | AE68: 1 | AF68: 1 | AG68: 1 | AH68: 2 | AI68: 2 | AJ68: 2 | AK68: 2 | AL68: 1 | AN68: 0 | AQ68: 0 | AS68: 0 | AT68: Test đặc biệt | AU68: P08 | AV68: P08 · Bên B: Ngân sách vượt trần đối phương
A69: RM068 | B69: Trần Tuấn Khoa | C69: Nam | D69: 37747 | E69: =DATEDIF(D69,'Chú giải'!$B$3,"Y") -> 23 | F69: Nhân viên văn phòng | G69: Công ty TNHH Tư vấn Bắc Hà | H69: 0900 000 068 | I69: tran.tuan.khoa.068@example.com | J69: Số 164 Phạm Văn Đồng, P. Cổ Nhuế 1, Q. Bắc Từ Liêm, Hà Nội | K69: Cổ Nhuế 1 | L69: Bắc Từ Liêm | M69: V3 | N69: Không | O69: Có | P69: 6 | Q69: 3 | R69: 3.5 | T69: 46327 | U69: 6 | V69: 3 | W69: 2 | X69: 1 | Y69: 2 | Z69: 2 | AA69: 2 | AB69: 2 | AC69: 1 | AD69: 2 | AE69: 1 | AF69: 1 | AG69: 1 | AH69: 2 | AI69: 2 | AJ69: 2 | AK69: 2 | AL69: 1 | AN69: 0 | AQ69: 0 | AS69: 0 | AT69: Test đặc biệt | AU69: P03 | AV69: P03 · Bên A: Khác giới – chỉ một bên bật H1
A70: RM069 | B70: Hồ Quang Vinh | C70: Nam | D70: 37638 | E70: =DATEDIF(D70,'Chú giải'!$B$3,"Y") -> 23 | F70: Sinh viên năm 4 | G70: ĐH Khoa học Xã hội và Nhân văn – ĐHQGHN | H70: 0900 000 069 | I70: ho.quang.vinh.069@example.com | J70: Số 1 ngõ 49 Tây Sơn, P. Thịnh Quang, Q. Đống Đa, Hà Nội | K70: Thịnh Quang | L70: Đống Đa | M70: V1 | N70: Không | O70: Không | P70: 6 | Q70: 2.5 | R70: 4 | T70: 46340 | U70: 3 | V70: 3 | W70: 2 | X70: 1 | Y70: 2 | Z70: 4 | AA70: 3 | AB70: 2 | AC70: 1 | AD70: 3 | AE70: 1 | AF70: 1 | AG70: 1 | AH70: 2 | AI70: 3 | AJ70: 1 | AK70: 2 | AL70: 1 | AM70: 91 | AN70: 10 | AO70: 86 | AP70: 4.7 | AQ70: 4 | AR70: 4 | AS70: 0 | AT70: Ngẫu nhiên
A71: RM070 | B71: Trịnh Ngọc Giang | C71: Nữ | D71: 37731 | E71: =DATEDIF(D71,'Chú giải'!$B$3,"Y") -> 23 | F71: Nhân viên văn phòng | G71: Công ty TNHH Tư vấn Bắc Hà | H71: 0900 000 070 | I71: trinh.ngoc.giang.070@example.com | J71: Số 72 Nguyễn Xiển, P. Hạ Đình, Q. Thanh Xuân, Hà Nội | K71: Hạ Đình | L71: Thanh Xuân | M71: V1 | N71: Không | O71: Không | P71: 6 | Q71: 2 | R71: 3.5 | T71: 46327 | U71: 6 | V71: 3 | W71: 2 | X71: 1 | Y71: 2 | Z71: 2 | AA71: 2 | AB71: 2 | AC71: 1 | AD71: 2 | AE71: 1 | AF71: 1 | AG71: 1 | AH71: 2 | AI71: 2 | AJ71: 2 | AK71: 2 | AL71: 1 | AN71: 0 | AQ71: 0 | AS71: 0 | AT71: Test đặc biệt | AU71: P28 | AV71: P28 · Bên A: Không có bonus nào
A72: RM071 | B72: Đỗ Hồng Ngọc | C72: Nữ | D72: 37690 | E72: =DATEDIF(D72,'Chú giải'!$B$3,"Y") -> 23 | F72: Nhân viên văn phòng | G72: Công ty TNHH Tư vấn Bắc Hà | H72: 0900 000 071 | I72: do.hong.ngoc.071@example.com | J72: Số 18 ngõ 225 Nguyễn Trãi, P. Thanh Xuân Trung, Q. Thanh Xuân, Hà Nội | K72: Thanh Xuân Trung | L72: Thanh Xuân | M72: V2 | N72: Không | O72: Không | P72: 6 | Q72: 3 | R72: 3.5 | T72: 46327 | U72: 6 | V72: 3 | W72: 2 | X72: 1 | Y72: 2 | Z72: 2 | AA72: 2 | AB72: 2 | AC72: 1 | AD72: 2 | AE72: 1 | AF72: 3 | AG72: 1 | AH72: 2 | AI72: 2 | AJ72: 2 | AK72: 2 | AL72: 1 | AN72: 0 | AQ72: 0 | AS72: 0 | AT72: Test đặc biệt | AU72: P15 | AV72: P15 · Bên A: Dị ứng nặng × thú nhỏ
A73: RM072 | B73: Nguyễn Diệu Nga | C73: Nữ | D73: 35449 | E73: =DATEDIF(D73,'Chú giải'!$B$3,"Y") -> 29 | F73: Nhân viên ngân hàng | G73: Ngân hàng TMCP Phương Bắc (CN Hà Nội) | H73: 0900 000 072 | I73: nguyen.dieu.nga.072@example.com | J73: Số 105 Trần Vỹ, P. Mai Dịch, Q. Cầu Giấy, Hà Nội | K73: Mai Dịch | L73: Cầu Giấy | M73: V2 | N73: Có | O73: Không | P73: 12 | Q73: 3 | R73: 4 | S73: Nam Từ Liêm | T73: 46339 | U73: 3 | V73: 3 | W73: 2 | X73: 1 | Y73: 1 | Z73: 3 | AA73: 2 | AB73: 1 | AC73: 2 | AD73: 2 | AE73: 1 | AF73: 1 | AG73: 1 | AH73: 3 | AI73: 2 | AJ73: 4 | AK73: 3 | AL73: 3 | AM73: 86 | AN73: 10 | AO73: 66 | AP73: 4.3 | AQ73: 4 | AR73: 4 | AS73: 0 | AT73: Ngẫu nhiên
A74: RM073 | B74: Trần Việt Long | C74: Nam | D74: 37675 | E74: =DATEDIF(D74,'Chú giải'!$B$3,"Y") -> 23 | F74: Nhân viên văn phòng | G74: Công ty TNHH Tư vấn Bắc Hà | H74: 0900 000 073 | I74: tran.viet.long.073@example.com | J74: Số 19 ngõ 73 Giải Phóng, P. Giáp Bát, Q. Hoàng Mai, Hà Nội | K74: Giáp Bát | L74: Hoàng Mai | M74: V2 | N74: Không | O74: Không | P74: 6 | Q74: 3 | R74: 3.5 | T74: 46327 | U74: 6 | V74: 3 | W74: 1 | X74: 1 | Y74: 2 | Z74: 2 | AA74: 2 | AB74: 2 | AC74: 1 | AD74: 2 | AE74: 1 | AF74: 1 | AG74: 1 | AH74: 2 | AI74: 2 | AJ74: 2 | AK74: 2 | AL74: 1 | AN74: 0 | AQ74: 0 | AS74: 0 | AT74: Test đặc biệt | AU74: P27 | AV74: P27 · Bên A: Giờ ngủ lệch 2 bậc (cần chốt)
A75: RM074 | B75: Nguyễn Việt Nghĩa | C75: Nam | D75: 38860 | E75: =DATEDIF(D75,'Chú giải'!$B$3,"Y") -> 20 | F75: Sinh viên năm 2 | G75: ĐH Công nghệ – ĐHQGHN | H75: 0900 000 074 | I75: nguyen.viet.nghia.074@example.com | J75: Số 297 Nguyễn Thị Định, P. Trung Hòa, Q. Cầu Giấy, Hà Nội | K75: Trung Hòa | L75: Cầu Giấy | M75: V3 | N75: Có | O75: Không | P75: 10 | Q75: 1.5 | R75: 1.5 | S75: Cầu Giấy | T75: 46340 | U75: 6 | V75: 6 | W75: 2 | X75: 1 | Y75: 2 | Z75: 2 | AA75: 2 | AB75: 3 | AC75: 2 | AD75: 2 | AE75: 1 | AF75: 1 | AG75: 1 | AH75: 2 | AI75: 3 | AJ75: 2 | AK75: 4 | AL75: 4 | AN75: 0 | AQ75: 0 | AS75: 0 | AT75: Ngẫu nhiên
A76: RM075 | B76: Nguyễn Minh Anh | C76: Nữ | D76: 35916 | E76: =DATEDIF(D76,'Chú giải'!$B$3,"Y") -> 28 | F76: Nhân viên văn phòng | G76: Công ty CP Phần mềm Hà Thành | H76: 0900 000 075 | I76: nguyen.minh.anh.075@example.com | J76: Số 18 ngõ 75 Xuân Đỉnh, P. Xuân Đỉnh, Q. Bắc Từ Liêm, Hà Nội | K76: Xuân Đỉnh | L76: Bắc Từ Liêm | M76: V2 | N76: Không | O76: Không | P76: 6 | Q76: 3 | R76: 3.5 | T76: 46327 | U76: 6 | V76: 3 | W76: 2 | X76: 1 | Y76: 2 | Z76: 2 | AA76: 2 | AB76: 2 | AC76: 1 | AD76: 2 | AE76: 1 | AF76: 1 | AG76: 1 | AH76: 2 | AI76: 2 | AJ76: 2 | AK76: 2 | AL76: 1 | AN76: 0 | AQ76: 0 | AS76: 0 | AT76: Test đặc biệt | AU76: P07 | AV76: P07 · Bên B: Lệch tuổi đúng biên
A77: RM076 | B77: Lê Thanh Ngọc | C77: Nữ | D77: 36922 | E77: =DATEDIF(D77,'Chú giải'!$B$3,"Y") -> 25 | F77: Nhân viên văn phòng | G77: Công ty CP Phần mềm Hà Thành | H77: 0900 000 076 | I77: le.thanh.ngoc.076@example.com | J77: Số 13 ngõ 32 Phạm Hùng, P. Mễ Trì, Q. Nam Từ Liêm, Hà Nội | K77: Mễ Trì | L77: Nam Từ Liêm | M77: V3 | N77: Không | O77: Có | P77: 6 | Q77: 3 | R77: 3.5 | T77: 46327 | U77: 6 | V77: 3 | W77: 2 | X77: 1 | Y77: 2 | Z77: 2 | AA77: 2 | AB77: 2 | AC77: 1 | AD77: 2 | AE77: 1 | AF77: 1 | AG77: 1 | AH77: 2 | AI77: 2 | AJ77: 2 | AK77: 2 | AL77: 1 | AN77: 0 | AQ77: 0 | AS77: 0 | AT77: Test đặc biệt | AU77: P04 | AV77: P04 · Bên B: Khác giới – cả hai bật nhưng một bên V1
A78: RM077 | B78: Võ Thị Huyền | C78: Nữ | D78: 37300 | E78: =DATEDIF(D78,'Chú giải'!$B$3,"Y") -> 24 | F78: Biên – phiên dịch (freelance) | G78: Freelance | H78: 0900 000 077 | I78: vo.thi.huyen.077@example.com | J78: Số 5 ngõ 252 Liễu Giai, P. Liễu Giai, Q. Ba Đình, Hà Nội | K78: Liễu Giai | L78: Ba Đình | M78: V2 | N78: Không | O78: Không | P78: 8 | Q78: 5 | R78: 5 | S78: Ba Đình | T78: 46335 | U78: 12 | V78: 3 | W78: 2 | X78: 1 | Y78: 4 | Z78: 2 | AA78: 1 | AB78: 2 | AC78: 4 | AD78: 2 | AE78: 1 | AF78: 1 | AG78: 1 | AH78: 2 | AI78: 2 | AJ78: 4 | AK78: 2 | AL78: 2 | AM78: 97 | AN78: 5 | AO78: 78 | AP78: 4.4 | AQ78: 2 | AR78: 3.8 | AS78: 0 | AT78: Ngẫu nhiên
A79: RM078 | B79: Lê Văn Hải | C79: Nam | D79: 38529 | E79: =DATEDIF(D79,'Chú giải'!$B$3,"Y") -> 21 | F79: Sinh viên năm 4 | G79: ĐH Khoa học Xã hội và Nhân văn – ĐHQGHN | H79: 0900 000 078 | I79: le.van.hai.078@example.com | J79: Số 61 Định Công, P. Định Công, Q. Hoàng Mai, Hà Nội | K79: Định Công | L79: Hoàng Mai | M79: V1 | N79: Không | O79: Không | P79: 6 | Q79: 2 | R79: 3 | S79: Bắc Từ Liêm, Nam Từ Liêm, Thanh Xuân | T79: 46331 | U79: 9 | V79: 3 | W79: 1 | X79: 1 | Y79: 2 | Z79: 1 | AA79: 2 | AB79: 3 | AC79: 4 | AD79: 2 | AE79: 1 | AF79: 2 | AG79: 1 | AH79: 3 | AI79: 3 | AJ79: 3 | AK79: 2 | AL79: 1 | AN79: 0 | AQ79: 0 | AS79: 0 | AT79: Ngẫu nhiên
A80: RM079 | B80: Đinh Hoài Lan | C80: Nữ | D80: 36908 | E80: =DATEDIF(D80,'Chú giải'!$B$3,"Y") -> 25 | F80: Nhân viên văn phòng | G80: Công ty CP Phần mềm Hà Thành | H80: 0900 000 079 | I80: dinh.hoai.lan.079@example.com | J80: Số 25 ngõ 58 Xuân Thủy, P. Dịch Vọng Hậu, Q. Cầu Giấy, Hà Nội | K80: Dịch Vọng Hậu | L80: Cầu Giấy | M80: V4 | N80: Có | O80: Không | P80: 6 | Q80: 3 | R80: 3.5 | T80: 46327 | U80: 6 | V80: 3 | W80: 2 | X80: 1 | Y80: 2 | Z80: 2 | AA80: 2 | AB80: 2 | AC80: 1 | AD80: 2 | AE80: 1 | AF80: 1 | AG80: 1 | AH80: 2 | AI80: 2 | AJ80: 2 | AK80: 2 | AL80: 1 | AM80: 95 | AN80: 6 | AO80: 90 | AP80: 4.5 | AQ80: 3 | AR80: 4.8 | AS80: 0 | AT80: Test đặc biệt | AU80: P01 | AV80: P01 · Bên B: Cặp lý tưởng, bonus vượt trần
A81: RM080 | B81: Đặng Quốc Phong | C81: Nam | D81: 38531 | E81: =DATEDIF(D81,'Chú giải'!$B$3,"Y") -> 21 | F81: Sinh viên năm 4 | G81: ĐH Ngoại ngữ – ĐHQGHN | H81: 0900 000 080 | I81: dang.quoc.phong.080@example.com | J81: Số 27 ngõ 112 Nguyễn Thị Định, P. Trung Hòa, Q. Cầu Giấy, Hà Nội | K81: Trung Hòa | L81: Cầu Giấy | M81: V3 | N81: Có | O81: Không | P81: 5 | Q81: 3.5 | R81: 4 | S81: Cầu Giấy, Hai Bà Trưng | T81: 46327 | U81: 9 | V81: 3 | X81: 1 | Y81: 2 | Z81: 3 | AA81: 3 | AB81: 2 | AC81: 2 | AD81: 3 | AE81: 2 | AG81: 1 | AH81: 2 | AI81: 1 | AJ81: 3 | AL81: 1 | AM81: 94 | AN81: 5 | AO81: 51 | AP81: 3.6 | AQ81: 4 | AR81: 5 | AS81: 0 | AT81: Ngẫu nhiên – thiếu dữ liệu | AV81: Bỏ trống: A1, D2, F1
A82: RM081 | B82: Hoàng Thu Oanh | C82: Nữ | D82: 39628 | E82: =DATEDIF(D82,'Chú giải'!$B$3,"Y") -> 18 | F82: Sinh viên năm 1 | G82: ĐH Ngoại thương | H82: 0900 000 081 | I82: hoang.thu.oanh.081@example.com | J82: Số 17 ngõ 260 Âu Cơ, P. Nhật Tân, Q. Tây Hồ, Hà Nội | K82: Nhật Tân | L82: Tây Hồ | M82: V3 | N82: Có | O82: Không | P82: 6 | Q82: 2.5 | R82: 2.5 | S82: Cầu Giấy, Long Biên | T82: 46338 | U82: 6 | V82: 6 | W82: 3 | X82: 1 | Y82: 1 | Z82: 2 | AA82: 1 | AB82: 1 | AC82: 4 | AD82: 2 | AE82: 1 | AF82: 1 | AG82: 1 | AH82: 3 | AI82: 1 | AJ82: 1 | AK82: 2 | AL82: 2 | AM82: 91 | AN82: 11 | AO82: 87 | AP82: 3.9 | AQ82: 1 | AR82: 3.9 | AS82: 0 | AT82: Ngẫu nhiên
A83: RM082 | B83: Bùi Anh Thắng | C83: Nam | D83: 36938 | E83: =DATEDIF(D83,'Chú giải'!$B$3,"Y") -> 25 | F83: Nhân viên văn phòng | G83: Công ty CP Phần mềm Hà Thành | H83: 0900 000 082 | I83: bui.anh.thang.082@example.com | J83: Số 20 ngõ 259 Xuân Diệu, P. Quảng An, Q. Tây Hồ, Hà Nội | K83: Quảng An | L83: Tây Hồ | M83: V2 | N83: Không | O83: Không | P83: 6 | Q83: 3 | R83: 3.5 | T83: 46327 | U83: 6 | V83: 3 | W83: 2 | X83: 1 | Y83: 2 | Z83: 2 | AA83: 2 | AB83: 2 | AC83: 1 | AD83: 2 | AE83: 1 | AF83: 1 | AG83: 1 | AH83: 2 | AI83: 2 | AJ83: 2 | AK83: 2 | AL83: 1 | AN83: 0 | AQ83: 0 | AS83: 0 | AT83: Test đặc biệt | AU83: P25 | AV83: P25 · Bên B: Bỏ trống câu hỏi
A84: RM083 | B84: Lê Hoài Tâm | C84: Nữ | D84: 37801 | E84: =DATEDIF(D84,'Chú giải'!$B$3,"Y") -> 23 | F84: Nhân viên văn phòng | G84: Công ty TNHH Tư vấn Bắc Hà | H84: 0900 000 083 | I84: le.hoai.tam.083@example.com | J84: Số 253 Minh Khai, P. Đồng Tâm, Q. Hai Bà Trưng, Hà Nội | K84: Đồng Tâm | L84: Hai Bà Trưng | M84: V2 | N84: Không | O84: Không | P84: 6 | Q84: 3 | R84: 3.5 | T84: 46327 | U84: 6 | V84: 3 | W84: 2 | X84: 3 | Y84: 2 | Z84: 2 | AA84: 2 | AB84: 2 | AC84: 1 | AD84: 2 | AE84: 1 | AF84: 1 | AG84: 1 | AH84: 2 | AI84: 2 | AJ84: 2 | AK84: 2 | AL84: 1 | AN84: 0 | AQ84: 0 | AS84: 0 | AT84: Test đặc biệt | AU84: P13 | AV84: P13 · Bên A: Nhóm A cực đoan – ca đêm
A85: RM084 | B85: Trần Ngọc Yến | C85: Nữ | D85: 36256 | E85: =DATEDIF(D85,'Chú giải'!$B$3,"Y") -> 27 | F85: Nhân viên văn phòng | G85: Công ty TNHH Tư vấn Bắc Hà | H85: 0900 000 084 | I85: tran.ngoc.yen.084@example.com | J85: Số 11 ngõ 149 Hoàng Đạo Thúy, P. Nhân Chính, Q. Thanh Xuân, Hà Nội | K85: Nhân Chính | L85: Thanh Xuân | M85: V1 | N85: Không | O85: Không | P85: 12 | Q85: 3 | R85: 4 | S85: Hà Đông, Thanh Xuân | T85: 46369 | U85: 12 | V85: 6 | W85: 2 | X85: 1 | Y85: 1 | Z85: 2 | AA85: 4 | AB85: 2 | AC85: 4 | AD85: 3 | AE85: 1 | AF85: 1 | AG85: 1 | AH85: 3 | AI85: 1 | AJ85: 3 | AK85: 4 | AL85: 1 | AN85: 0 | AQ85: 0 | AS85: 1 | AT85: Ngẫu nhiên
A86: RM085 | B86: Bùi Hữu Hưng | C86: Nam | D86: 34507 | E86: =DATEDIF(D86,'Chú giải'!$B$3,"Y") -> 32 | F86: Lập trình viên | G86: Công ty CP Giải pháp Số Thăng Long | H86: 0900 000 085 | I86: bui.huu.hung.085@example.com | J86: Số 120 Mễ Trì Hạ, P. Mễ Trì, Q. Nam Từ Liêm, Hà Nội | K86: Mễ Trì | L86: Nam Từ Liêm | M86: V2 | N86: Không | O86: Có | P86: 10 | Q86: 4 | R86: 4.5 | T86: 46343 | U86: 12 | V86: 6 | W86: 2 | X86: 1 | Y86: 2 | Z86: 4 | AA86: 4 | AB86: 2 | AC86: 1 | AD86: 2 | AE86: 1 | AF86: 1 | AG86: 1 | AH86: 3 | AI86: 3 | AJ86: 3 | AK86: 2 | AL86: 3 | AM86: 93 | AN86: 1 | AO86: 69 | AP86: 3.6 | AQ86: 4 | AR86: 4 | AS86: 0 | AT86: Ngẫu nhiên
A87: RM086 | B87: Phạm Kim Thủy | C87: Nữ | D87: 37636 | E87: =DATEDIF(D87,'Chú giải'!$B$3,"Y") -> 23 | F87: Sinh viên năm 4 | G87: ĐH Ngoại thương | H87: 0900 000 086 | I87: pham.kim.thuy.086@example.com | J87: Số 16 ngõ 17 Kim Đồng, P. Định Công, Q. Hoàng Mai, Hà Nội | K87: Định Công | L87: Hoàng Mai | M87: V1 | N87: Không | O87: Không | P87: 3 | Q87: 1.5 | R87: 2.5 | S87: Long Biên | T87: 46348 | U87: 9 | V87: 3 | W87: 3 | X87: 1 | Y87: 2 | Z87: 4 | AA87: 1 | AB87: 2 | AC87: 4 | AD87: 2 | AE87: 1 | AF87: 2 | AG87: 1 | AH87: 2 | AI87: 3 | AJ87: 3 | AK87: 2 | AL87: 3 | AM87: 96 | AN87: 2 | AO87: 86 | AP87: 3.6 | AQ87: 2 | AR87: 4.7 | AS87: 0 | AT87: Ngẫu nhiên
A88: RM087 | B88: Nguyễn Quang Phong | C88: Nam | D88: 37791 | E88: =DATEDIF(D88,'Chú giải'!$B$3,"Y") -> 23 | F88: Nhân viên văn phòng | G88: Công ty TNHH Tư vấn Bắc Hà | H88: 0900 000 087 | I88: nguyen.quang.phong.087@example.com | J88: Số 3 ngõ 67 Nguyễn Văn Huyên, P. Nghĩa Tân, Q. Cầu Giấy, Hà Nội | K88: Nghĩa Tân | L88: Cầu Giấy | M88: V2 | N88: Không | O88: Không | P88: 6 | Q88: 3 | R88: 3.5 | T88: 46327 | U88: 6 | V88: 6 | W88: 2 | X88: 1 | Y88: 2 | Z88: 2 | AA88: 2 | AB88: 2 | AC88: 1 | AD88: 2 | AE88: 1 | AF88: 1 | AG88: 1 | AH88: 2 | AI88: 2 | AJ88: 2 | AK88: 2 | AL88: 1 | AN88: 0 | AQ88: 0 | AS88: 0 | AT88: Test đặc biệt | AU88: P12 | AV88: P12 · Bên A: Cam kết thấp hơn mức yêu cầu
A89: RM088 | B89: Đỗ Công Hoàng | C89: Nam | D89: 35903 | E89: =DATEDIF(D89,'Chú giải'!$B$3,"Y") -> 28 | F89: Nhân viên văn phòng | G89: Công ty CP Phần mềm Hà Thành | H89: 0900 000 088 | I89: do.cong.hoang.088@example.com | J89: Số 95 Đình Thôn, P. Mỹ Đình 1, Q. Nam Từ Liêm, Hà Nội | K89: Mỹ Đình 1 | L89: Nam Từ Liêm | M89: V2 | N89: Không | O89: Không | P89: 6 | Q89: 3 | R89: 3.5 | T89: 46327 | U89: 6 | V89: 3 | W89: 2 | X89: 1 | Y89: 2 | Z89: 2 | AA89: 2 | AB89: 2 | AC89: 1 | AD89: 2 | AE89: 1 | AF89: 1 | AG89: 1 | AH89: 2 | AI89: 2 | AJ89: 2 | AK89: 2 | AL89: 1 | AN89: 0 | AQ89: 0 | AS89: 0 | AT89: Test đặc biệt | AU89: P06 | AV89: P06 · Bên B: Lệch tuổi vượt khung
A90: RM089 | B90: Bùi Phương My | C90: Nữ | D90: 37700 | E90: =DATEDIF(D90,'Chú giải'!$B$3,"Y") -> 23 | F90: Nhân viên văn phòng | G90: Công ty TNHH Tư vấn Bắc Hà | H90: 0900 000 089 | I90: bui.phuong.my.089@example.com | J90: Số 18 ngõ 224 Cổ Nhuế, P. Cổ Nhuế 1, Q. Bắc Từ Liêm, Hà Nội | K90: Cổ Nhuế 1 | L90: Bắc Từ Liêm | M90: V2 | N90: Không | O90: Không | P90: 6 | Q90: 3 | R90: 3.5 | T90: 46327 | U90: 6 | V90: 3 | W90: 2 | X90: 1 | Y90: 2 | Z90: 2 | AA90: 2 | AB90: 2 | AC90: 1 | AD90: 2 | AE90: 1 | AF90: 1 | AG90: 1 | AH90: 2 | AI90: 2 | AJ90: 2 | AK90: 2 | AL90: 1 | AN90: 0 | AQ90: 0 | AS90: 0 | AT90: Test đặc biệt | AU90: P10 | AV90: P10 · Bên A: Ngày chuyển vào chênh 22 ngày
A91: RM090 | B91: Đỗ Mai Hà | C91: Nữ | D91: 38738 | E91: =DATEDIF(D91,'Chú giải'!$B$3,"Y") -> 20 | F91: Sinh viên năm 2 | G91: ĐH Ngoại thương | H91: 0900 000 090 | I91: do.mai.ha.090@example.com | J91: Số 21 ngõ 144 Nguyễn Cảnh Dị, P. Đại Kim, Q. Hoàng Mai, Hà Nội | K91: Đại Kim | L91: Hoàng Mai | M91: V2 | N91: Có | O91: Không | P91: 6 | Q91: 2 | R91: 2.5 | S91: Ba Đình | T91: 46342 | U91: 3 | V91: 3 | W91: 3 | X91: 1 | Y91: 2 | Z91: 4 | AA91: 2 | AB91: 2 | AC91: 1 | AD91: 1 | AE91: 1 | AF91: 1 | AG91: 1 | AH91: 2 | AI91: 1 | AJ91: 2 | AK91: 4 | AL91: 1 | AN91: 0 | AQ91: 0 | AS91: 0 | AT91: Ngẫu nhiên
A92: RM091 | B92: Đỗ Thị Tâm | C92: Nữ | D92: 37658 | E92: =DATEDIF(D92,'Chú giải'!$B$3,"Y") -> 23 | F92: Nhân viên văn phòng | G92: Công ty TNHH Tư vấn Bắc Hà | H92: 0900 000 091 | I92: do.thi.tam.091@example.com | J92: Số 10 Nguyễn Hoàng, P. Mỹ Đình 2, Q. Nam Từ Liêm, Hà Nội | K92: Mỹ Đình 2 | L92: Nam Từ Liêm | M92: V2 | N92: Không | O92: Không | P92: 6 | Q92: 3 | R92: 3.5 | T92: 46327 | U92: 6 | V92: 3 | W92: 3 | X92: 1 | Y92: 3 | Z92: 2 | AA92: 2 | AB92: 2 | AC92: 1 | AD92: 2 | AE92: 1 | AF92: 1 | AG92: 1 | AH92: 2 | AI92: 2 | AJ92: 2 | AK92: 2 | AL92: 1 | AN92: 0 | AQ92: 0 | AS92: 0 | AT92: Test đặc biệt | AU92: P20 | AV92: P20 · Bên A: Phạt A3≥3 × D4≥3
A93: RM092 | B93: Bùi Thanh Trâm | C93: Nữ | D93: 37059 | E93: =DATEDIF(D93,'Chú giải'!$B$3,"Y") -> 25 | F93: Nhân viên văn phòng | G93: Công ty CP Phần mềm Hà Thành | H93: 0900 000 092 | I93: bui.thanh.tram.092@example.com | J93: Số 26 ngõ 221 Hoàng Minh Giám, P. Yên Hòa, Q. Cầu Giấy, Hà Nội | K93: Yên Hòa | L93: Cầu Giấy | M93: V2 | N93: Không | O93: Không | P93: 6 | Q93: 3 | R93: 3.5 | T93: 46327 | U93: 6 | V93: 3 | W93: 1 | X93: 2 | Y93: 2 | Z93: 2 | AA93: 2 | AB93: 2 | AC93: 1 | AD93: 2 | AE93: 1 | AF93: 1 | AG93: 1 | AH93: 2 | AI93: 2 | AJ93: 2 | AK93: 2 | AL93: 1 | AN93: 0 | AQ93: 0 | AS93: 0 | AT93: Test đặc biệt | AU93: P21 | AV93: P21 · Bên B: Phạt A2=3 × A1=1
A94: RM093 | B94: Tạ Minh Thủy | C94: Nữ | D94: 36951 | E94: =DATEDIF(D94,'Chú giải'!$B$3,"Y") -> 25 | F94: Nhân viên văn phòng | G94: Công ty CP Phần mềm Hà Thành | H94: 0900 000 093 | I94: ta.minh.thuy.093@example.com | J94: Số 123 Kim Đồng, P. Định Công, Q. Hoàng Mai, Hà Nội | K94: Định Công | L94: Hoàng Mai | M94: V1 | N94: Không | O94: Không | P94: 6 | Q94: 3 | R94: 3.5 | T94: 46327 | U94: 6 | V94: 3 | W94: 2 | X94: 1 | Y94: 2 | Z94: 2 | AA94: 2 | AB94: 2 | AC94: 1 | AD94: 2 | AE94: 1 | AF94: 1 | AG94: 1 | AH94: 2 | AI94: 2 | AJ94: 2 | AK94: 2 | AL94: 1 | AN94: 0 | AQ94: 0 | AS94: 0 | AT94: Test đặc biệt | AU94: P28 | AV94: P28 · Bên B: Không có bonus nào
A95: RM094 | B95: Kiều Anh Phúc | C95: Nam | D95: 37757 | E95: =DATEDIF(D95,'Chú giải'!$B$3,"Y") -> 23 | F95: Nhân viên văn phòng | G95: Công ty TNHH Tư vấn Bắc Hà | H95: 0900 000 094 | I95: kieu.anh.phuc.094@example.com | J95: Số 289 Chùa Bộc, P. Khương Thượng, Q. Đống Đa, Hà Nội | K95: Khương Thượng | L95: Đống Đa | M95: V2 | N95: Không | O95: Không | P95: 6 | Q95: 3 | R95: 3.5 | T95: 46327 | U95: 6 | V95: 3 | W95: 2 | X95: 1 | Y95: 2 | Z95: 2 | AA95: 2 | AB95: 2 | AC95: 1 | AD95: 2 | AE95: 1 | AF95: 1 | AG95: 1 | AH95: 2 | AI95: 2 | AJ95: 2 | AK95: 2 | AL95: 1 | AN95: 0 | AQ95: 0 | AS95: 0 | AT95: Test đặc biệt | AU95: P26 | AV95: P26 · Bên A: Hút thuốc trong phòng × không hút
A96: RM095 | B96: Phạm Việt Thắng | C96: Nam | D96: 37695 | E96: =DATEDIF(D96,'Chú giải'!$B$3,"Y") -> 23 | F96: Nhân viên văn phòng | G96: Công ty TNHH Tư vấn Bắc Hà | H96: 0900 000 095 | I96: pham.viet.thang.095@example.com | J96: Số 26 ngõ 185 Giải Phóng, P. Giáp Bát, Q. Hoàng Mai, Hà Nội | K96: Giáp Bát | L96: Hoàng Mai | M96: V2 | N96: Không | O96: Không | P96: 6 | Q96: 3 | R96: 3.5 | T96: 46327 | U96: 6 | V96: 3 | W96: 3 | X96: 1 | Y96: 2 | Z96: 2 | AA96: 2 | AB96: 2 | AC96: 1 | AD96: 2 | AE96: 1 | AF96: 1 | AG96: 1 | AH96: 3 | AI96: 2 | AJ96: 2 | AK96: 2 | AL96: 1 | AN96: 0 | AQ96: 0 | AS96: 0 | AT96: Test đặc biệt | AU96: P19 | AV96: P19 · Bên A: Phạt D4≥3 × A1∈{1,2}
A97: RM096 | B97: Võ Gia Huy | C97: Nam | D97: 38044 | E97: =DATEDIF(D97,'Chú giải'!$B$3,"Y") -> 22 | F97: Sinh viên năm 4 | G97: ĐH Thương mại | H97: 0900 000 096 | I97: vo.gia.huy.096@example.com | J97: Số 24 ngõ 117 Châu Văn Liêm, P. Mỹ Đình 2, Q. Nam Từ Liêm, Hà Nội | K97: Mỹ Đình 2 | L97: Nam Từ Liêm | M97: V3 | N97: Có | O97: Không | P97: 3 | Q97: 3.5 | R97: 4 | T97: 46338 | U97: 6 | V97: 3 | W97: 2 | X97: 1 | Y97: 3 | Z97: 1 | AA97: 1 | AB97: 2 | AC97: 2 | AD97: 2 | AE97: 1 | AF97: 1 | AG97: 1 | AH97: 3 | AI97: 1 | AJ97: 3 | AK97: 3 | AL97: 1 | AM97: 98 | AN97: 9 | AO97: 86 | AP97: 3.7 | AQ97: 2 | AR97: 4.6 | AS97: 0 | AT97: Ngẫu nhiên
A98: RM097 | B98: Nguyễn Công Khánh | C98: Nam | D98: 38048 | E98: =DATEDIF(D98,'Chú giải'!$B$3,"Y") -> 22 | F98: Sinh viên năm 4 | G98: ĐH Giao thông Vận tải | H98: 0900 000 097 | I98: nguyen.cong.khanh.097@example.com | J98: Số 17 ngõ 60 Giải Phóng, P. Giáp Bát, Q. Hoàng Mai, Hà Nội | K98: Giáp Bát | L98: Hoàng Mai | M98: V1 | N98: Không | O98: Không | P98: 6 | Q98: 3.5 | R98: 4 | S98: Hoàng Mai, Long Biên | T98: 46359 | U98: 12 | V98: 3 | W98: 3 | X98: 1 | Y98: 2 | Z98: 3 | AA98: 3 | AB98: 2 | AC98: 4 | AD98: 1 | AE98: 1 | AF98: 1 | AG98: 1 | AH98: 1 | AI98: 2 | AJ98: 4 | AK98: 2 | AL98: 1 | AM98: 97 | AN98: 12 | AO98: 58 | AP98: 4.1 | AQ98: 1 | AR98: 4.8 | AS98: 0 | AT98: Ngẫu nhiên
A99: RM098 | B99: Trần Thu Chi | C99: Nữ | D99: 38127 | E99: =DATEDIF(D99,'Chú giải'!$B$3,"Y") -> 22 | F99: Sinh viên năm 4 | G99: ĐH Sư phạm Hà Nội | H99: 0900 000 098 | I99: tran.thu.chi.098@example.com | J99: Số 238 Minh Khai, P. Vĩnh Tuy, Q. Hai Bà Trưng, Hà Nội | K99: Vĩnh Tuy | L99: Hai Bà Trưng | M99: V2 | N99: Có | O99: Không | P99: 6 | Q99: 2 | R99: 3 | S99: Ba Đình, Cầu Giấy, Long Biên | T99: 46363 | U99: 3 | V99: 3 | W99: 3 | X99: 1 | Y99: 1 | Z99: 3 | AA99: 4 | AB99: 3 | AC99: 2 | AD99: 1 | AE99: 2 | AF99: 1 | AG99: 1 | AH99: 1 | AI99: 2 | AJ99: 4 | AK99: 2 | AL99: 4 | AN99: 0 | AQ99: 0 | AS99: 0 | AT99: Ngẫu nhiên
A100: RM099 | B100: Nguyễn Trọng Sơn | C100: Nam | D100: 39214 | E100: =DATEDIF(D100,'Chú giải'!$B$3,"Y") -> 19 | F100: Sinh viên năm 1 | G100: ĐH Sư phạm Hà Nội | H100: 0900 000 099 | I100: nguyen.trong.son.099@example.com | J100: Số 94 Tương Mai, P. Tương Mai, Q. Hoàng Mai, Hà Nội | K100: Tương Mai | L100: Hoàng Mai | M100: V1 | N100: Không | O100: Không | P100: 4 | Q100: 2.5 | R100: 3.5 | S100: Hoàng Mai, Thanh Xuân | T100: 46359 | U100: 6 | V100: 6 | W100: 3 | X100: 1 | Y100: 3 | Z100: 1 | AA100: 1 | AB100: 2 | AC100: 3 | AD100: 1 | AE100: 1 | AF100: 1 | AG100: 1 | AH100: 4 | AI100: 1 | AJ100: 1 | AK100: 2 | AL100: 4 | AM100: 88 | AN100: 3 | AO100: 96 | AP100: 4.9 | AQ100: 1 | AR100: 4 | AS100: 0 | AT100: Ngẫu nhiên
...

Sheet Cặp test đặc biệt
A1: Mã cặp | B1: Kịch bản | C1: Hồ sơ A (ID) | D1: Tên A | E1: Hồ sơ B (ID) | F1: Tên B | G1: Thiết lập khác biệt | H1: Kết quả kỳ vọng | I1: Mục tài liệu tham chiếu
A2: P01 | B2: Cặp lý tưởng, bonus vượt trần | C2: RM011 | D2: =INDEX('Hồ sơ'!$B$2:$B$101,MATCH(C2,'Hồ sơ'!$A$2:$A$101,0)) -> Đỗ Khánh Hương | E2: RM079 | F2: =INDEX('Hồ sơ'!$B$2:$B$101,MATCH(E2,'Hồ sơ'!$A$2:$A$101,0)) -> Đinh Hoài Lan | G2: 16 câu trả lời giống hệt nhau; cùng cơ quan, cùng phường, cùng V4, S1–S4 đều đạt ngưỡng bonus | H2: Qua Hard Gate. 16 sim = 1; B_emp đủ điều kiện vượt +0,15 nên bị cắt trần +0,15; P_pen = 0 → COMPAT ≥ 96, có thể chạm trần 99. | I2: V (pipeline), VIII (B_emp, trần +0,15), IX (trần 99)
A3: P02 | B3: Khác giới – cả hai tắt H1 | C3: RM043 | D3: =INDEX('Hồ sơ'!$B$2:$B$101,MATCH(C3,'Hồ sơ'!$A$2:$A$101,0)) -> Nguyễn Minh Bách | E3: RM060 | F3: =INDEX('Hồ sơ'!$B$2:$B$101,MATCH(E3,'Hồ sơ'!$A$2:$A$101,0)) -> Vũ Quỳnh Giang | G3: A nam, B nữ; H1 của cả hai = Không | H3: LOẠI – vi phạm H1 (cùng giới là mặc định). | I3: III – H1
A4: P03 | B4: Khác giới – chỉ một bên bật H1 | C4: RM068 | D4: =INDEX('Hồ sơ'!$B$2:$B$101,MATCH(C4,'Hồ sơ'!$A$2:$A$101,0)) -> Trần Tuấn Khoa | E4: RM038 | F4: =INDEX('Hồ sơ'!$B$2:$B$101,MATCH(E4,'Hồ sơ'!$A$2:$A$101,0)) -> Nguyễn Phương Ngọc | G4: A bật H1 (V3), B không bật H1 | H4: LOẠI – H1 yêu cầu CẢ HAI chủ động bật. | I4: III – H1
A5: P04 | B5: Khác giới – cả hai bật nhưng một bên V1 | C5: RM055 | D5: =INDEX('Hồ sơ'!$B$2:$B$101,MATCH(C5,'Hồ sơ'!$A$2:$A$101,0)) -> Lê Văn Minh | E5: RM076 | F5: =INDEX('Hồ sơ'!$B$2:$B$101,MATCH(E5,'Hồ sơ'!$A$2:$A$101,0)) -> Lê Thanh Ngọc | G5: Cả hai bật H1; A mới ở mức V1 | H5: LOẠI – A chưa đạt V2+. | I5: III – H1
A6: P05 | B6: Khác giới hợp lệ | C6: RM054 | D6: =INDEX('Hồ sơ'!$B$2:$B$101,MATCH(C6,'Hồ sơ'!$A$2:$A$101,0)) -> Nguyễn Văn Tài | E6: RM009 | F6: =INDEX('Hồ sơ'!$B$2:$B$101,MATCH(E6,'Hồ sơ'!$A$2:$A$101,0)) -> Nguyễn Hồng Yến | G6: Cả hai bật H1, đều ≥ V2 | H6: QUA H1; các ràng buộc khác đạt → được tính điểm bình thường. | I6: III – H1
A7: P06 | B7: Lệch tuổi vượt khung | C7: RM021 | D7: =INDEX('Hồ sơ'!$B$2:$B$101,MATCH(C7,'Hồ sơ'!$A$2:$A$101,0)) -> Nguyễn Công Dũng | E7: RM088 | F7: =INDEX('Hồ sơ'!$B$2:$B$101,MATCH(E7,'Hồ sơ'!$A$2:$A$101,0)) -> Đỗ Công Hoàng | G7: Chênh 8 tuổi, khung H2 = ±6 của cả hai | H7: LOẠI – vi phạm H2. | I7: III – H2
A8: P07 | B8: Lệch tuổi đúng biên | C8: RM050 | D8: =INDEX('Hồ sơ'!$B$2:$B$101,MATCH(C8,'Hồ sơ'!$A$2:$A$101,0)) -> Nguyễn Hồng Hà | E8: RM075 | F8: =INDEX('Hồ sơ'!$B$2:$B$101,MATCH(E8,'Hồ sơ'!$A$2:$A$101,0)) -> Nguyễn Minh Anh | G8: Chênh đúng 6 tuổi | H8: QUA H2 (biên ≤ 6). | I8: III – H2
A9: P08 | B9: Ngân sách vượt trần đối phương | C9: RM051 | D9: =INDEX('Hồ sơ'!$B$2:$B$101,MATCH(C9,'Hồ sơ'!$A$2:$A$101,0)) -> Phan Bảo Lan | E9: RM067 | F9: =INDEX('Hồ sơ'!$B$2:$B$101,MATCH(E9,'Hồ sơ'!$A$2:$A$101,0)) -> Hà Minh Hiền | G9: Ngân sách A 4,5 tr > trần B 3,5 tr | H9: LOẠI – vi phạm H3. | I9: III – H3
A10: P09 | B10: Khu vực không giao nhau | C10: RM049 | D10: =INDEX('Hồ sơ'!$B$2:$B$101,MATCH(C10,'Hồ sơ'!$A$2:$A$101,0)) -> Võ Đức Tiến | E10: RM040 | F10: =INDEX('Hồ sơ'!$B$2:$B$101,MATCH(E10,'Hồ sơ'!$A$2:$A$101,0)) -> Vũ Việt Dũng | G10: A chọn Cầu Giấy, B chọn Hà Đông | H10: LOẠI – vi phạm H4 (không có khu vực chung). | I10: III – H4
A11: P10 | B11: Ngày chuyển vào chênh 22 ngày | C11: RM089 | D11: =INDEX('Hồ sơ'!$B$2:$B$101,MATCH(C11,'Hồ sơ'!$A$2:$A$101,0)) -> Bùi Phương My | E11: RM030 | F11: =INDEX('Hồ sơ'!$B$2:$B$101,MATCH(E11,'Hồ sơ'!$A$2:$A$101,0)) -> Lương Ngọc Nhung | G11: 01/11/2026 so với 23/11/2026 | H11: LOẠI – vi phạm H5 (>21 ngày). | I11: III – H5
A12: P11 | B12: Ngày chuyển vào chênh đúng 21 ngày | C12: RM013 | D12: =INDEX('Hồ sơ'!$B$2:$B$101,MATCH(C12,'Hồ sơ'!$A$2:$A$101,0)) -> Đỗ Minh Bách | E12: RM008 | F12: =INDEX('Hồ sơ'!$B$2:$B$101,MATCH(E12,'Hồ sơ'!$A$2:$A$101,0)) -> Lê Thành Thịnh | G12: 01/11/2026 so với 22/11/2026 | H12: QUA H5 (biên ≤ 21 ngày). | I12: III – H5
A13: P12 | B13: Cam kết thấp hơn mức yêu cầu | C13: RM087 | D13: =INDEX('Hồ sơ'!$B$2:$B$101,MATCH(C13,'Hồ sơ'!$A$2:$A$101,0)) -> Nguyễn Quang Phong | E13: RM062 | F13: =INDEX('Hồ sơ'!$B$2:$B$101,MATCH(E13,'Hồ sơ'!$A$2:$A$101,0)) -> Trần Công Sơn | G13: A yêu cầu ≥ 6 tháng, B chỉ cam kết 3 tháng | H13: LOẠI – vi phạm H6. | I13: III – H6
... A29: P28 | B29: Không có bonus nào | C29: RM070 | D29: =INDEX('Hồ sơ'!$B$2:$B$101,MATCH(C29,'Hồ sơ'!$A$2:$A$101,0)) -> Trịnh Ngọc Giang | E29: RM093 | F29: =INDEX('Hồ sơ'!$B$2:$B$101,MATCH(E29,'Hồ sơ'!$A$2:$A$101,0)) -> Tạ Minh Thủy | G29: V1 cả hai, khác cơ quan, khác phường, ngân sách chênh 33%, chưa có S1–S4 | H29: QUA gate; B_emp = 0, P_pen = 0, RAW = S_base. | I29: VIII – B_emp

Sheet Chú giải
A1: ROOMORA – Bộ 100 hồ sơ mẫu cho Lifestyle Survey & Compatibility Score (v1.0)
A3: Ngày tham chiếu để tính tuổi | B3: 46299 | C3: Ô nhập liệu (chữ xanh): đổi ngày này thì cột Tuổi ở sheet Hồ sơ tự tính lại.
A5: Thống kê nhanh
A6: Tổng số hồ sơ | B6: =COUNTA('Hồ sơ'!A2:A101) -> 100
A7: Nam | B7: =COUNTIF('Hồ sơ'!C2:C101,"Nam") -> 50
A8: Nữ | B8: =COUNTIF('Hồ sơ'!C2:C101,"Nữ") -> 50
A9: Sinh viên | B9: =COUNTIF('Hồ sơ'!F2:F101,"Sinh viên*") -> 24
A10: Hồ sơ thuộc cặp test đặc biệt | B10: =COUNTIF('Hồ sơ'!AT2:AT101,"Test đặc biệt") -> 56
A11: Hồ sơ ngẫu nhiên thiếu dữ liệu | B11: =COUNTIF('Hồ sơ'!AT2:AT101,"Ngẫu nhiên – thiếu dữ liệu") -> 6
A12: Số cặp test đặc biệt | B12: =COUNTA('Cặp test đặc biệt'!A2:A29) -> 28
A14: Lưu ý khi dùng dữ liệu
A15: 1. | B15: Toàn bộ họ tên, SĐT, email, số nhà là dữ liệu giả lập. SĐT dạng 0900 000 xxx, email dùng miền example.com. Tên đường và phường là địa danh có thật ở Hà Nội.
A16: 2. | B16: Địa chỉ ghi theo dạng Phường – Quận (đúng với cách tài liệu v1.0 viết 'phường/quận'). Nếu app dùng đơn vị hành chính mới thì đổi lại khi import.
A17: 3. | B17: H4 để trống = chọn tất cả khu vực (đúng theo tài liệu).
A18: 4. | B18: Ô survey để trống = người dùng bỏ qua câu hỏi (sim = 0,50 và không hiển thị trong phần giải thích).
A19: 5. | B19: S1–S4 để trống = hồ sơ mới, chưa có hành vi đo được. Tài liệu chưa định nghĩa công thức sim cho S1–S4 và các mức V1–V4, nên mẫu chỉ cung cấp dữ liệu đầu vào.
A20: 6. | B20: Hàng nền vàng nhạt ở sheet Hồ sơ là hồ sơ thuộc 28 cặp test đặc biệt; mỗi cặp chỉ khác nhau ở thuộc tính cần kiểm tra, còn lại dùng giá trị trung tính (16 câu = phương án 'chuẩn' B1=2, A1=2...).
A21: 7. | B21: Chưa tính sẵn COMPAT cho từng cặp vì tài liệu chưa chỉ rõ tiêu chí nào thuộc tier T1/T2/T3 (k = 1,8 / 1,3 / 1,0) và công thức sim cho S1–S4. Sheet 'Cặp test đặc biệt' ghi kết quả kỳ vọng ở mức Hard Gate và P_pen / B_emp.
A23: Màu tiêu đề cột (sheet Hồ sơ)
A24: Thông tin cá nhân
A25: Ràng buộc ghép H1–H6
A26: Survey – tiêu chí CỨNG
A27: Survey – tiêu chí MỀM
A28: Chỉ số hệ thống S1–S4 & báo cáo
A29: Ghi chú mẫu
A31: Mã hoá đáp án survey
A32: Mã – Tiêu chí | B32: Loại | C32: Giá trị đáp án
A33: A1 – Giờ ngủ – giờ dậy | B33: CỨNG | C33: 1 Trước 22h30 | 2 22h30–23h30 | 3 23h30–01h00 | 4 Sau 01h00
A34: A2 – Làm ca đêm / giờ bất thường | B34: CỨNG | C34: 1 Không | 2 Thỉnh thoảng ≤2 buổi/tuần | 3 Thường xuyên ≥3 buổi/tuần
A35: A3 – Làm việc tại nhà | B35: CỨNG | C35: 1 Không | 2 1–2 ngày | 3 3–4 ngày | 4 Cả tuần
A36: B1 – Tiêu chuẩn vệ sinh | B36: CỨNG | C36: 1 Rất sạch | 2 Khá sạch | 3 Bình thường | 4 Hơi bừa
A37: B2 – Tần suất dọn không gian chung | B37: MỀM | C37: 1 Hằng ngày | 2 2–3 lần/tuần | 3 1 lần/tuần | 4 Khi thấy bẩn
A38: C1 – Mức riêng tư mong muốn | B38: CỨNG | C38: 1 Bất khả xâm phạm | 2 Thoải mái nhưng hỏi trước | 3 Rất mở, dùng chung được
A39: C2 – Giao tiếp & xử lý mâu thuẫn | B39: MỀM | C39: 1 Nói thẳng | 2 Nhắn tin riêng | 3 Nhịn cho qua | 4 Nhờ người thứ ba
A40: C3 – Mức độ thân thiết | B40: MỀM | C40: 1 Chỉ lịch sự | 2 Thân thiện vừa | 3 Thân thiết như bạn
A41: D1 – Thuốc lá / vape | B41: CỨNG | C41: 1 Không | 2 Chỉ ngoài ban công/khu riêng | 3 Hút trong phòng
A42: D2 – Dị ứng / sợ động vật | B42: CỨNG | C42: 1 Không | 2 Dị ứng nhẹ | 3 Dị ứng nặng/rất sợ
A43: D3 – Thú cưng | B43: CỨNG | C43: 1 Không nuôi | 2 Loại nhỏ | 3 Loại lớn
... A48: F2 – Cách chia chi phí chung | B48: MỀM | C48: 1 Chia đều | 2 Theo mức sử dụng | 3 Luân phiên | 4 Một người lo toàn bộ, người kia trả cố định
